{"results": {"gccr": {"0.8": {"0.001": [[0.4763, 0.4602, 0.50065], [0.475, 0.4571, 0.497975], [0.4755, 0.4512, 0.491675], [0.477, 0.4572, 0.4924]], "0.01": [[0.4825, 0.461, 0.5064], [0.4823, 0.4644, 0.50585], [0.4797, 0.466, 0.50365], [0.4787, 0.4617, 0.50535]], "0.1": [[0.4893, 0.4922, 0.536875], [0.4938, 0.4895, 0.535775], [0.4942, 0.4935, 0.5353], [0.4938, 0.4958, 0.537325]], "0.5": [[0.5004, 0.5061, 0.556525], [0.5061, 0.5105, 0.563725], [0.5053, 0.5127, 0.5611], [0.5061, 0.5115, 0.562575]], "1.0": [[0.4976, 0.5059, 0.561975], [0.4998, 0.5074, 0.565275], [0.5006, 0.5136, 0.561475], [0.5031, 0.5134, 0.56395]], "1.5": [[0.4952, 0.5143, 0.56175], [0.5028, 0.5116, 0.563775], [0.5034, 0.5151, 0.562675], [0.5137, 0.5152, 0.565125]], "2.0": [[0.5065, 0.5197, 0.570875], [0.5075, 0.5177, 0.5693], [0.5129, 0.5222, 0.571075], [0.5061, 0.5216, 0.570225]], "3.0": [[0.5058, 0.5156, 0.5717], [0.5028, 0.5142, 0.5717], [0.5126, 0.5187, 0.56675], [0.5123, 0.5184, 0.56405]], "5.0": [[0.5039, 0.5184, 0.562075], [0.5006, 0.5154, 0.5643], [0.5044, 0.5154, 0.56695], [0.5046, 0.5086, 0.56585]], "100.0": [[0.5088, 0.5266, 0.572075], [0.5098, 0.5243, 0.572375], [0.5141, 0.5289, 0.574125], [0.505, 0.5233, 0.57055]], "200.0": [[0.508, 0.5201, 0.572875], [0.5107, 0.5219, 0.57375], [0.5052, 0.5169, 0.56665], [0.5129, 0.5248, 0.57615]]}}}, "epoch": 150, "num_classes_workers": 4, "hidden_dim": 256, "batch_size": 512, "clf_epochs": 100, "Job_id": "162227", "method": ["gccr"], "crop_size": [0.8], "std": [0.001, 0.01, 0.1, 0.5, 1.0, 1.5, 2.0, 3.0, 5.0, 100.0, 200.0], "num_of_trials": 4}