{"results": {"gccr": {"0.4": {"0.001": [[0.4967, 0.4741, 0.514425], [0.5013, 0.4766, 0.51615], [0.491, 0.4741, 0.5156], [0.4951, 0.471, 0.515125]], "0.01": [[0.5044, 0.4933, 0.528825], [0.5036, 0.4893, 0.530375], [0.5056, 0.4874, 0.5297], [0.4993, 0.4902, 0.52605]], "0.1": [[0.5454, 0.5465, 0.6016], [0.5423, 0.5423, 0.598075], [0.5419, 0.5297, 0.597925], [0.543, 0.5413, 0.597525]], "0.5": [[0.5915, 0.5951, 0.637875], [0.5897, 0.5898, 0.64065], [0.5894, 0.5944, 0.64365], [0.5891, 0.5938, 0.641325]], "1.0": [[0.5987, 0.5987, 0.64845], [0.5959, 0.6035, 0.6475], [0.6035, 0.6065, 0.650175], [0.6056, 0.6039, 0.654075]], "1.5": [[0.6084, 0.6137, 0.6557], [0.5987, 0.6047, 0.650325], [0.6078, 0.6066, 0.651525], [0.6057, 0.6097, 0.652325]], "2.0": [[0.6091, 0.6072, 0.65485], [0.6048, 0.6034, 0.651275], [0.6061, 0.6086, 0.648075], [0.6032, 0.6087, 0.652025]], "3.0": [[0.6007, 0.6061, 0.644475], [0.6027, 0.6055, 0.650425], [0.6061, 0.6135, 0.6499], [0.6094, 0.6137, 0.6508]], "5.0": [[0.609, 0.6103, 0.651525], [0.6066, 0.6095, 0.6532], [0.6101, 0.6091, 0.649075], [0.6069, 0.6108, 0.648175]], "100.0": [[0.5988, 0.599, 0.630575], [0.5948, 0.5997, 0.628725], [0.5953, 0.5944, 0.6234], [0.5965, 0.5991, 0.6297]], "200.0": [[0.5871, 0.5904, 0.6219], [0.5843, 0.5901, 0.61435], [0.5842, 0.5863, 0.6158], [0.5865, 0.5884, 0.621425]]}}}, "epoch": 150, "num_classes_workers": 4, "hidden_dim": 256, "batch_size": 512, "clf_epochs": 100, "Job_id": "162225", "method": ["gccr"], "crop_size": [0.4], "std": [0.001, 0.01, 0.1, 0.5, 1.0, 1.5, 2.0, 3.0, 5.0, 100.0, 200.0], "num_of_trials": 4}