{"results": {"gcc": {"0.6": {"0.001": [[0.311, 0.3097, 0.255275], [0.3072, 0.3152, 0.257825], [0.3123, 0.32, 0.25945], [0.3128, 0.3137, 0.257725]]}}}, "epoch": 1, "num_classes_workers": 4, "hidden_dim": 256, "batch_size": 512, "clf_epochs": 1, "Job_id": "162331", "method": ["gcc"], "crop_size": [0.6], "std": [0.001], "num_of_trials": 4}