{"results": {"gcc": {"0.4": {"0.001": [[0.5282, 0.5164, 0.53795], [0.5185, 0.5094, 0.52785], [0.5199, 0.5047, 0.5196], [0.5254, 0.5139, 0.5279]], "0.01": [[0.5588, 0.5534, 0.57605], [0.5598, 0.5497, 0.568625], [0.5482, 0.5406, 0.562075], [0.5613, 0.5579, 0.57425]], "0.1": [[0.6089, 0.6113, 0.631675], [0.6117, 0.619, 0.6335], [0.6131, 0.6123, 0.63015], [0.6137, 0.6187, 0.63495]], "0.5": [[0.6467, 0.6505, 0.67045], [0.6534, 0.6505, 0.668225], [0.6439, 0.6491, 0.6645], [0.6517, 0.6547, 0.672225]], "1.0": [[0.6602, 0.6644, 0.68125], [0.656, 0.6585, 0.6764], [0.6554, 0.6617, 0.680775], [0.6539, 0.6558, 0.675075]], "1.5": [[0.6635, 0.6615, 0.6774], [0.6625, 0.6609, 0.675825], [0.6629, 0.6634, 0.6777], [0.6513, 0.6594, 0.677225]], "2.0": [[0.6518, 0.6529, 0.6679], [0.6538, 0.6538, 0.66815], [0.6494, 0.6567, 0.672225], [0.6557, 0.652, 0.672825]], "3.0": [[0.6352, 0.6366, 0.651525], [0.64, 0.6393, 0.65535], [0.6384, 0.6401, 0.653075], [0.6372, 0.6348, 0.6539]], "4.0": [[0.6244, 0.6148, 0.6293], [0.6271, 0.6231, 0.636925], [0.6226, 0.6251, 0.635825], [0.6245, 0.6275, 0.63505]], "5.0": [[0.5973, 0.5982, 0.60885], [0.5995, 0.6036, 0.61045], [0.6052, 0.592, 0.609875], [0.5986, 0.5985, 0.61005]], "10.0": [[0.5302, 0.5304, 0.541125], [0.526, 0.528, 0.533325], [0.5358, 0.5313, 0.539225], [0.5386, 0.5279, 0.540775]], "50.0": [[0.3622, 0.3534, 0.36285], [0.3668, 0.3626, 0.3678], [0.3662, 0.3607, 0.367575], [0.3629, 0.3505, 0.3578]], "100.0": [[0.317, 0.3077, 0.313025], [0.3194, 0.3058, 0.313225], [0.3213, 0.3048, 0.31135], [0.323, 0.3042, 0.316075]], "200.0": [[0.3259, 0.3004, 0.314025], [0.3366, 0.309, 0.31885], [0.3164, 0.2955, 0.2999], [0.3264, 0.304, 0.3115]]}}}, "epoch": 200, "num_classes_workers": 4, "hidden_dim": 128, "batch_size": 512, "clf_epochs": 100, "Job_id": "1625442", "method": ["gcc"], "crop_size": [0.4], "std": [0.001, 0.01, 0.1, 0.5, 1.0, 1.5, 2.0, 3.0, 4.0, 5.0, 10.0, 50.0, 100.0, 200.0], "num_of_trials": 4, "dataset": "TwoViewCifar10", "model": "Proto18", "adaptive_center": true}