{"results": {"gcc": {"0.4": {"0.001": [[0.5186, 0.5139, 0.5295], [0.4986, 0.4918, 0.50985], [0.5039, 0.4947, 0.5166], [0.5074, 0.5074, 0.52265]], "0.01": [[0.5335, 0.5285, 0.54085], [0.5325, 0.5391, 0.5479], [0.5204, 0.5245, 0.54275], [0.5254, 0.5286, 0.544475]], "0.1": [[0.587, 0.5871, 0.605825], [0.5823, 0.5944, 0.608375], [0.5898, 0.5891, 0.610475], [0.5869, 0.5912, 0.6052]], "0.5": [[0.6389, 0.6479, 0.6606], [0.6336, 0.6427, 0.658375], [0.6412, 0.6433, 0.662], [0.634, 0.6397, 0.6606]], "1.0": [[0.6685, 0.6776, 0.686225], [0.6638, 0.6687, 0.686825], [0.6678, 0.6667, 0.67995], [0.6728, 0.6754, 0.68805]], "1.5": [[0.6766, 0.6804, 0.69845], [0.6785, 0.6814, 0.696025], [0.6765, 0.6855, 0.69745], [0.6819, 0.687, 0.7016]], "2.0": [[0.6687, 0.6743, 0.683425], [0.6653, 0.6723, 0.6842], [0.6642, 0.666, 0.684775], [0.6626, 0.6775, 0.688175]], "3.0": [[0.6556, 0.654, 0.671125], [0.6563, 0.6602, 0.6726], [0.663, 0.6571, 0.67345], [0.6627, 0.6564, 0.66975]], "4.0": [[0.6272, 0.624, 0.6438], [0.6315, 0.6294, 0.645725], [0.6307, 0.6293, 0.6418], [0.6313, 0.6362, 0.64715]], "5.0": [[0.6175, 0.6128, 0.628375], [0.6175, 0.6158, 0.61955], [0.6167, 0.6117, 0.6262], [0.6128, 0.6149, 0.6248]], "10.0": [[0.5329, 0.5398, 0.5442], [0.5407, 0.5386, 0.554925], [0.5438, 0.5402, 0.551225], [0.5436, 0.5456, 0.54945]], "50.0": [[0.373, 0.3633, 0.362175], [0.3589, 0.357, 0.35445], [0.3639, 0.3673, 0.362225], [0.3574, 0.3608, 0.348325]], "100.0": [[0.3288, 0.3345, 0.3166], [0.3219, 0.323, 0.31375], [0.3245, 0.3299, 0.31565], [0.2669, 0.2356, 0.25305]], "200.0": [[0.3126, 0.2922, 0.2905], [0.334, 0.3223, 0.3114], [0.3155, 0.301, 0.297075], [0.308, 0.2974, 0.290375]]}}}, "epoch": 200, "num_classes_workers": 4, "hidden_dim": 128, "batch_size": 512, "clf_epochs": 100, "Job_id": "1625362", "method": ["gcc"], "crop_size": [0.4], "std": [0.001, 0.01, 0.1, 0.5, 1.0, 1.5, 2.0, 3.0, 4.0, 5.0, 10.0, 50.0, 100.0, 200.0], "num_of_trials": 4, "dataset": "TwoViewCifar10", "model": "Proto18", "adaptive_center": false}