{"results": {"gcc": {"0.6": {"0.001": [[0.5164, 0.5072, 0.5316], [0.5032, 0.4951, 0.52305], [0.5011, 0.4844, 0.5138], [0.5079, 0.4914, 0.5132]], "0.01": [[0.5207, 0.5121, 0.535025], [0.5166, 0.5139, 0.541075], [0.518, 0.5127, 0.534625], [0.5161, 0.5163, 0.538675]], "0.1": [[0.5764, 0.5775, 0.5959], [0.5677, 0.5666, 0.5923], [0.5699, 0.5699, 0.591125], [0.5744, 0.5803, 0.595475]], "0.5": [[0.63, 0.6285, 0.64635], [0.6278, 0.6278, 0.644875], [0.6268, 0.6333, 0.645975], [0.6281, 0.6333, 0.646]], "1.0": [[0.6552, 0.6588, 0.67645], [0.6592, 0.6614, 0.6778], [0.655, 0.6627, 0.677225], [0.6569, 0.6617, 0.6779]], "1.5": [[0.6656, 0.6721, 0.692075], [0.6646, 0.6719, 0.690225], [0.6685, 0.6704, 0.6877], [0.6758, 0.6716, 0.69195]], "2.0": [[0.6713, 0.6723, 0.6912], [0.6699, 0.6744, 0.689675], [0.6721, 0.6726, 0.68745], [0.6711, 0.669, 0.6867]], "3.0": [[0.6506, 0.6589, 0.675525], [0.6517, 0.647, 0.67125], [0.6552, 0.6583, 0.67185], [0.6564, 0.6526, 0.674625]], "4.0": [[0.6435, 0.6366, 0.6546], [0.6366, 0.6432, 0.6553], [0.6342, 0.6389, 0.651825], [0.643, 0.6413, 0.659375]], "5.0": [[0.6232, 0.6281, 0.639775], [0.6152, 0.6251, 0.63915], [0.62, 0.6253, 0.637575], [0.6233, 0.628, 0.640775]], "10.0": [[0.5532, 0.5494, 0.564425], [0.5475, 0.5529, 0.566675], [0.5424, 0.5462, 0.567525], [0.5352, 0.5391, 0.5476]], "50.0": [[0.3779, 0.3706, 0.3774], [0.3813, 0.3772, 0.3782], [0.3802, 0.3671, 0.3771], [0.3801, 0.3749, 0.37885]], "100.0": [[0.3211, 0.3103, 0.31535], [0.3232, 0.3194, 0.3184], [0.3196, 0.3177, 0.3145], [0.3165, 0.308, 0.312125]], "200.0": [[0.3288, 0.3355, 0.32485], [0.3316, 0.3244, 0.319025], [0.3221, 0.3077, 0.30575], [0.3412, 0.3299, 0.327475]]}}}, "epoch": 200, "num_classes_workers": 4, "hidden_dim": 128, "batch_size": 512, "clf_epochs": 100, "Job_id": "1625384", "method": ["gcc"], "crop_size": [0.6], "std": [0.001, 0.01, 0.1, 0.5, 1.0, 1.5, 2.0, 3.0, 4.0, 5.0, 10.0, 50.0, 100.0, 200.0], "num_of_trials": 4, "dataset": "TwoViewCifar10", "model": "Proto18", "adaptive_center": false}