{"results": {"rc": {"0.2": {"1.5": [[0.6318, 0.6572, 0.67125], [0.6386, 0.6545, 0.669925], [0.6464, 0.667, 0.67935], [0.641, 0.6558, 0.676125]]}, "0.4": {"1.5": [[0.6052, 0.6151, 0.631425], [0.6053, 0.6166, 0.630925], [0.6131, 0.6276, 0.635075], [0.6052, 0.6146, 0.6339]]}, "0.6": {"1.5": [[0.5692, 0.5728, 0.599825], [0.573, 0.5719, 0.602075], [0.566, 0.5804, 0.602125], [0.5753, 0.5765, 0.602325]]}, "0.8": {"1.5": [[0.5435, 0.5421, 0.5661], [0.5372, 0.5396, 0.562875], [0.5432, 0.5434, 0.568925], [0.5386, 0.5349, 0.5648]]}}}, "epoch": 500, "num_classes_workers": 4, "hidden_dim": 128, "batch_size": 512, "clf_epochs": 100, "Job_id": "1629590", "method": ["rc"], "crop_size": [0.2, 0.4, 0.6, 0.8], "std": [1.5], "num_of_trials": 4, "dataset": "TwoViewCifar10", "model": "Proto18", "adaptive_center": false}