{"results": {"gcc": {"0.2": {"1.5": [[0.6756, 0.6781, 0.7052], [0.6884, 0.6961, 0.7063], [0.6793, 0.6912, 0.705475]]}, "0.4": {"1.5": [[0.7033, 0.7024, 0.721675], [0.7047, 0.71, 0.727125], [0.6911, 0.7014, 0.718675]]}, "0.6": {"1.5": [[0.6985, 0.695, 0.716875], [0.6911, 0.7, 0.719225], [0.6905, 0.7004, 0.716175]]}, "0.8": {"1.5": [[0.687, 0.687, 0.7102], [0.6875, 0.6884, 0.710625], [0.6972, 0.7043, 0.71975]]}}}, "epoch": 500, "num_classes_workers": 3, "hidden_dim": 128, "batch_size": 512, "clf_epochs": 100, "Job_id": "1639480", "method": ["gcc"], "crop_size": [0.2, 0.4, 0.6, 0.8], "std": [1.5], "num_of_trials": 3, "dataset": "TwoViewCifar10", "model": "Proto18", "adaptive_center": false, "min_max": [0.4, 0.6]}