{"results": {"gcc": {"0.4": {"1.5": [[0.5528, 0.56, 0.574975], [0.5528, 0.56, 0.574975], [0.5528, 0.56, 0.574975]]}, "0.6": {"1.5": [[0.5341, 0.5209, 0.531525], [0.5504, 0.5248, 0.538425], [0.5496, 0.5218, 0.541575]]}, "0.8": {"1.5": [[0.5437, 0.5307, 0.5416], [0.529, 0.515, 0.52625], [0.5332, 0.5266, 0.5396]]}}}, "epoch": 200, "num_classes_workers": 3, "hidden_dim": 128, "batch_size": 512, "clf_epochs": 100, "Job_id": "1647701", "method": ["gcc"], "crop_size": [0.4, 0.6, 0.8], "std": [1.5], "num_of_trials": 3, "dataset": "TinyImageNetDataset", "model": "Proto18", "adaptive_center": true, "min_max": [0.4, 0.6]}