{"results": {"GCC_regularization": {"0.4": {"1.8": [[0.6046, 0.6078, 0.6481], [0.605, 0.6113, 0.6463], [0.5988, 0.6131, 0.645875], [0.599, 0.606, 0.64765]], "2.1": [[0.6011, 0.604, 0.64655], [0.6044, 0.6077, 0.642825], [0.5965, 0.6081, 0.649325], [0.606, 0.6012, 0.647025]], "2.4": [[0.6068, 0.6092, 0.64885], [0.6089, 0.6075, 0.642025], [0.604, 0.6061, 0.643975], [0.5952, 0.6038, 0.64255]], "2.7": [[0.5982, 0.6112, 0.64815], [0.6086, 0.6107, 0.646175], [0.6061, 0.6094, 0.650825], [0.6068, 0.6122, 0.651175]], "3.0": [[0.6069, 0.6092, 0.646975], [0.6107, 0.6115, 0.645075], [0.604, 0.6082, 0.64285], [0.611, 0.6085, 0.649275]], "3.4": [[0.6037, 0.6132, 0.65025], [0.6036, 0.6067, 0.645775], [0.6007, 0.6115, 0.647775], [0.6032, 0.6123, 0.65045]], "3.7": [[0.603, 0.6085, 0.645125], [0.6065, 0.6116, 0.64365], [0.6069, 0.6141, 0.64855], [0.5996, 0.6108, 0.644675]]}, "0.6": {"1.8": [[0.5694, 0.5751, 0.62775], [0.5669, 0.5776, 0.62565], [0.5682, 0.578, 0.631425], [0.5771, 0.5823, 0.6313]], "2.1": [[0.578, 0.5828, 0.632575], [0.5759, 0.5838, 0.637725], [0.5822, 0.5852, 0.63395], [0.5738, 0.585, 0.6335]], "2.4": [[0.5719, 0.587, 0.631925], [0.5724, 0.5859, 0.63115], [0.5762, 0.5855, 0.632725], [0.5772, 0.5828, 0.631175]], "2.7": [[0.5763, 0.5781, 0.6286], [0.5766, 0.5777, 0.6297], [0.569, 0.5769, 0.621825], [0.5742, 0.588, 0.636275]], "3.0": [[0.5789, 0.5823, 0.631675], [0.5699, 0.5791, 0.626675], [0.5771, 0.5865, 0.63115], [0.5775, 0.5876, 0.633325]], "3.4": [[0.5801, 0.5844, 0.633], [0.579, 0.5871, 0.63325], [0.5782, 0.581, 0.633725], [0.581, 0.5821, 0.6279]], "3.7": [[0.5776, 0.5824, 0.630975], [0.5789, 0.5798, 0.62705], [0.5696, 0.5854, 0.62785], [0.5692, 0.5839, 0.6312]]}, "0.8": {"1.8": [[0.5174, 0.5245, 0.571275], [0.5112, 0.5188, 0.569825], [0.5148, 0.5179, 0.571675], [0.5135, 0.5192, 0.56765]], "2.1": [[0.5115, 0.5081, 0.567375], [0.5116, 0.5151, 0.5698], [0.5119, 0.5169, 0.56195], [0.5136, 0.5147, 0.568275]], "2.4": [[0.5122, 0.518, 0.5685], [0.5108, 0.5119, 0.568175], [0.5138, 0.5196, 0.571675], [0.5089, 0.5122, 0.571425]], "2.7": [[0.517, 0.5122, 0.568375], [0.5078, 0.5149, 0.5629], [0.5101, 0.5158, 0.570475], [0.514, 0.5212, 0.570925]], "3.0": [[0.5123, 0.5179, 0.564075], [0.5067, 0.5186, 0.56715], [0.5051, 0.5162, 0.5698], [0.506, 0.5174, 0.569875]], "3.4": [[0.506, 0.518, 0.568225], [0.506, 0.5134, 0.5694], [0.513, 0.5195, 0.570175], [0.5101, 0.5167, 0.565]], "3.7": [[0.5214, 0.5238, 0.5729], [0.5177, 0.521, 0.572425], [0.5115, 0.5229, 0.575675], [0.5177, 0.5271, 0.5738]]}}}, "epoch": 150, "num_classes_workers": 4, "hidden_dim": 256, "batch_size": 512}