{"results": {"Random_crop_pytorch": {"20": {"0.001": [[0.5966, 0.5991, 0.643325], [0.5972, 0.602, 0.6454], [0.5879, 0.5915, 0.6436], [0.5886, 0.5978, 0.639625], [0.5934, 0.595, 0.643425]]}, "24": {"0.001": [[0.5516, 0.5643, 0.617175], [0.5461, 0.5594, 0.61185], [0.545, 0.5619, 0.60785], [0.5448, 0.5606, 0.61045], [0.5443, 0.5556, 0.6161]]}, "28": {"0.001": [[0.496, 0.4985, 0.547125], [0.4948, 0.4971, 0.549225], [0.5013, 0.5014, 0.5512], [0.4948, 0.497, 0.548325], [0.4944, 0.4923, 0.541175]]}}}, "epoch": 150, "num_classes_workers": 3, "hidden_dim": 256, "batch_size": 512}