{"results": {"Without_pretraining": {"0.4": {"0.001": [[0.3684, 0.3553, 0.3468], [0.3681, 0.3563, 0.3473], [0.3675, 0.3543, 0.348025], [0.3676, 0.3568, 0.34995], [0.3716, 0.3637, 0.360175]]}}}, "epoch": 0, "num_classes_workers": 3, "hidden_dim": 256, "batch_size": 512}