{"results": {"GCC_NO_regularization": {"0.4": {"0.001": [[0.3964, 0.3879, 0.370725], [0.4017, 0.3885, 0.37185], [0.4052, 0.3857, 0.370325], [0.3965, 0.386, 0.368825]], "0.01": [[0.394, 0.3885, 0.37905], [0.3879, 0.3733, 0.375075], [0.4007, 0.3907, 0.378675], [0.389, 0.3857, 0.377175]], "0.1": [[0.4224, 0.4148, 0.39505], [0.4137, 0.4127, 0.39845], [0.4093, 0.4131, 0.392875], [0.4124, 0.4076, 0.388425]], "0.3": [[0.4197, 0.4231, 0.405525], [0.4168, 0.4243, 0.40425], [0.4131, 0.423, 0.4031], [0.4143, 0.4149, 0.407]], "0.5": [[0.428, 0.4307, 0.4107], [0.422, 0.4236, 0.409475], [0.4268, 0.4262, 0.413875], [0.4212, 0.4272, 0.413175]], "0.7": [[0.4309, 0.4345, 0.4153], [0.4217, 0.4205, 0.407725], [0.4283, 0.4293, 0.41025], [0.4228, 0.4315, 0.409075]], "1": [[0.431, 0.4268, 0.410575], [0.4284, 0.4312, 0.414575], [0.4286, 0.4281, 0.40845], [0.4288, 0.4245, 0.41365]], "2": [[0.4315, 0.4241, 0.405775], [0.4321, 0.4246, 0.4097], [0.4262, 0.4255, 0.408425], [0.4313, 0.4183, 0.401475]], "5": [[0.4231, 0.4142, 0.3958], [0.4269, 0.4142, 0.396175], [0.4169, 0.4083, 0.3889], [0.4209, 0.4061, 0.3939]], "10": [[0.3959, 0.3875, 0.3673], [0.4014, 0.3916, 0.3706], [0.3977, 0.383, 0.368375], [0.3978, 0.3915, 0.3731]], "100": [[0.2842, 0.2811, 0.268675], [0.2886, 0.2809, 0.268975], [0.2831, 0.2771, 0.2708], [0.2827, 0.2791, 0.275375]], "200": [[0.2951, 0.2755, 0.275975], [0.3064, 0.2858, 0.2766], [0.3076, 0.287, 0.279575], [0.3012, 0.2791, 0.27875]]}, "0.6": {"0.001": [[0.3926, 0.3777, 0.36865], [0.389, 0.3752, 0.369275], [0.395, 0.3759, 0.36965], [0.3902, 0.3783, 0.3659]], "0.01": [[0.4031, 0.3855, 0.380325], [0.414, 0.389, 0.38155], [0.4045, 0.3888, 0.377675], [0.4058, 0.3878, 0.382025]], "0.1": [[0.4131, 0.4101, 0.397], [0.4118, 0.4066, 0.395525], [0.4161, 0.4121, 0.393725], [0.416, 0.4153, 0.394]], "0.3": [[0.4259, 0.4195, 0.4044], [0.4294, 0.4204, 0.40485], [0.4235, 0.4179, 0.40195], [0.4218, 0.4196, 0.40515]], "0.5": [[0.4341, 0.4308, 0.40565], [0.4226, 0.4246, 0.410375], [0.4218, 0.4203, 0.4066], [0.4252, 0.4224, 0.405825]], "0.7": [[0.4335, 0.4273, 0.414475], [0.4304, 0.4273, 0.4101], [0.432, 0.4275, 0.415775], [0.4225, 0.4169, 0.40885]], "1": [[0.4413, 0.4292, 0.41395], [0.4364, 0.4281, 0.41435], [0.4374, 0.4249, 0.41285], [0.4344, 0.4231, 0.4118]], "2": [[0.4373, 0.4256, 0.4108], [0.4419, 0.4383, 0.41705], [0.4307, 0.4166, 0.405825], [0.4406, 0.4264, 0.40425]], "5": [[0.4251, 0.4224, 0.4055], [0.4406, 0.4268, 0.4063], [0.4271, 0.423, 0.402075], [0.4375, 0.4224, 0.405825]], "10": [[0.4123, 0.4026, 0.3858], [0.4133, 0.4059, 0.382625], [0.4114, 0.4043, 0.385275], [0.4007, 0.3871, 0.37295]], "100": [[0.2794, 0.273, 0.270875], [0.2805, 0.2805, 0.271675], [0.286, 0.284, 0.271325], [0.2877, 0.282, 0.273525]], "200": [[0.2981, 0.2765, 0.278], [0.2854, 0.2754, 0.280275], [0.2925, 0.2767, 0.2739], [0.2911, 0.2824, 0.277725]]}, "0.8": {"0.001": [[0.3798, 0.3631, 0.3616], [0.3866, 0.3696, 0.361075], [0.3866, 0.3684, 0.36185], [0.3886, 0.3717, 0.3618]], "0.01": [[0.3874, 0.3773, 0.367375], [0.3823, 0.3763, 0.36785], [0.3854, 0.3784, 0.36865], [0.3862, 0.3788, 0.365875]], "0.1": [[0.4037, 0.3932, 0.38665], [0.3978, 0.3995, 0.385825], [0.4015, 0.3946, 0.383725], [0.4041, 0.3988, 0.38595]], "0.3": [[0.4127, 0.4016, 0.38595], [0.4053, 0.3976, 0.38695], [0.4156, 0.4013, 0.384775], [0.4085, 0.394, 0.38505]], "0.5": [[0.4143, 0.4045, 0.3898], [0.415, 0.4047, 0.391425], [0.4192, 0.4073, 0.39205], [0.4176, 0.4084, 0.38985]], "0.7": [[0.416, 0.4066, 0.395075], [0.4112, 0.3998, 0.393], [0.4154, 0.4021, 0.390525], [0.415, 0.4035, 0.38875]], "1": [[0.422, 0.4039, 0.39255], [0.4222, 0.4064, 0.392275], [0.4158, 0.4068, 0.39385], [0.4242, 0.4093, 0.3968]], "2": [[0.421, 0.4143, 0.3972], [0.428, 0.4145, 0.395925], [0.4188, 0.4118, 0.3939], [0.422, 0.4075, 0.396725]], "5": [[0.4252, 0.4067, 0.3977], [0.4235, 0.4112, 0.389425], [0.4224, 0.407, 0.38915], [0.4241, 0.4058, 0.3841]], "10": [[0.4164, 0.3975, 0.381625], [0.4043, 0.3894, 0.37675], [0.4111, 0.4003, 0.3866], [0.3978, 0.3838, 0.367375]], "100": [[0.2824, 0.2709, 0.273125], [0.282, 0.2701, 0.270775], [0.2916, 0.2803, 0.274925], [0.2938, 0.2792, 0.275475]], "200": [[0.2995, 0.2747, 0.273475], [0.2941, 0.2768, 0.271975], [0.3003, 0.2826, 0.275], [0.3, 0.2808, 0.27275]]}}, "GCC_regularization": {"0.4": {"0.001": [[0.3922, 0.3823, 0.368475], [0.3917, 0.3828, 0.367725], [0.4011, 0.3875, 0.373], [0.3986, 0.3864, 0.373525]], "0.01": [[0.3931, 0.3851, 0.376325], [0.3901, 0.3853, 0.3755], [0.3904, 0.388, 0.37765], [0.3891, 0.3837, 0.37345]], "0.1": [[0.4141, 0.4132, 0.39465], [0.4173, 0.4164, 0.3922], [0.4166, 0.4119, 0.395425], [0.4179, 0.4121, 0.396325]], "0.3": [[0.4196, 0.4263, 0.4058], [0.4137, 0.4236, 0.405425], [0.4141, 0.4245, 0.406675], [0.4172, 0.4236, 0.40555]], "0.5": [[0.4178, 0.4243, 0.408725], [0.4228, 0.4277, 0.406875], [0.421, 0.4242, 0.408], [0.4234, 0.4286, 0.4105]], "0.7": [[0.4147, 0.4247, 0.4084], [0.4176, 0.4256, 0.40835], [0.4089, 0.4173, 0.401225], [0.4184, 0.4247, 0.40965]], "1": [[0.4299, 0.4307, 0.416625], [0.4231, 0.4308, 0.4145], [0.426, 0.4364, 0.41525], [0.4248, 0.433, 0.413225]], "2": [[0.4216, 0.4305, 0.40675], [0.408, 0.4259, 0.406875], [0.4144, 0.4286, 0.408375], [0.4146, 0.4332, 0.410675]], "5": [[0.4277, 0.436, 0.41825], [0.4214, 0.4294, 0.412325], [0.4201, 0.4311, 0.412075], [0.4134, 0.4242, 0.40545]], "10": [[0.4155, 0.426, 0.401525], [0.4146, 0.4175, 0.399475], [0.4147, 0.4164, 0.398925], [0.4277, 0.4359, 0.407975]], "100": [[0.4168, 0.4163, 0.400775], [0.4061, 0.417, 0.39465], [0.4023, 0.4181, 0.394325], [0.4102, 0.4176, 0.398475]], "200": [[0.4149, 0.4223, 0.395825], [0.4041, 0.4097, 0.390725], [0.4083, 0.4152, 0.3976], [0.4058, 0.4162, 0.3945]]}, "0.6": {"0.001": [[0.3912, 0.3755, 0.37035], [0.3854, 0.3787, 0.3671], [0.3842, 0.3752, 0.36995], [0.393, 0.3808, 0.3676]], "0.01": [[0.4105, 0.3903, 0.377475], [0.4095, 0.3879, 0.38205], [0.4038, 0.3843, 0.37975], [0.41, 0.3896, 0.380275]], "0.1": [[0.4104, 0.4081, 0.39335], [0.4035, 0.402, 0.3944], [0.4098, 0.406, 0.3954], [0.4165, 0.409, 0.39355]], "0.3": [[0.4092, 0.4146, 0.404175], [0.4091, 0.4062, 0.3986], [0.4082, 0.4183, 0.4016], [0.4176, 0.4144, 0.405325]], "0.5": [[0.4159, 0.4192, 0.405475], [0.4175, 0.4244, 0.403025], [0.4166, 0.4183, 0.407125], [0.4169, 0.4243, 0.405025]], "0.7": [[0.4185, 0.4199, 0.404775], [0.4262, 0.4238, 0.411725], [0.4195, 0.4234, 0.411875], [0.4103, 0.4152, 0.4068]], "1": [[0.4161, 0.4218, 0.4085], [0.4207, 0.4263, 0.409625], [0.413, 0.4218, 0.411275], [0.4113, 0.4186, 0.408925]], "2": [[0.4172, 0.4252, 0.410475], [0.4133, 0.4198, 0.41105], [0.4127, 0.4225, 0.408925], [0.4189, 0.424, 0.408]], "5": [[0.4115, 0.4209, 0.4082], [0.4126, 0.432, 0.413375], [0.4056, 0.4196, 0.405975], [0.4227, 0.4234, 0.4099]], "10": [[0.4165, 0.4265, 0.409975], [0.4114, 0.421, 0.40675], [0.4163, 0.4229, 0.41], [0.4114, 0.4187, 0.404725]], "100": [[0.4065, 0.4153, 0.4012], [0.4167, 0.4221, 0.406325], [0.4117, 0.4255, 0.40555], [0.4234, 0.4294, 0.408375]], "200": [[0.4174, 0.4239, 0.407325], [0.4119, 0.4165, 0.404875], [0.4082, 0.4218, 0.401125], [0.4105, 0.4204, 0.40135]]}, "0.8": {"0.001": [[0.3857, 0.3678, 0.364075], [0.3854, 0.3717, 0.364125], [0.3887, 0.379, 0.36085], [0.386, 0.3696, 0.36365]], "0.01": [[0.3866, 0.3751, 0.368075], [0.3916, 0.3805, 0.369425], [0.3885, 0.3767, 0.3683], [0.3913, 0.3794, 0.36875]], "0.1": [[0.3938, 0.3915, 0.3829], [0.3954, 0.3879, 0.382575], [0.3997, 0.3925, 0.3845], [0.3949, 0.3897, 0.384925]], "0.3": [[0.3911, 0.3947, 0.3816], [0.3922, 0.3926, 0.381225], [0.3877, 0.3897, 0.384825], [0.3912, 0.3933, 0.3842]], "0.5": [[0.3932, 0.3932, 0.382875], [0.3952, 0.3931, 0.385425], [0.401, 0.3973, 0.385225], [0.398, 0.3972, 0.386175]], "0.7": [[0.3917, 0.391, 0.381225], [0.3882, 0.3879, 0.38325], [0.3953, 0.3936, 0.3805], [0.3945, 0.3881, 0.38115]], "1": [[0.3998, 0.3906, 0.3781], [0.3951, 0.3911, 0.382275], [0.3896, 0.39, 0.378325], [0.3962, 0.3911, 0.379225]],