{"results": {"gcc": {"0.6": {"0.001": [[0.495, 0.4737, 0.516425], [0.49, 0.4725, 0.5126], [0.4918, 0.4709, 0.51135], [0.493, 0.4693, 0.51175]], "0.01": [[0.4978, 0.4817, 0.5319], [0.4989, 0.4835, 0.528175], [0.5024, 0.4816, 0.5279], [0.5047, 0.4888, 0.5324]], "0.1": [[0.5343, 0.5337, 0.585875], [0.5299, 0.5301, 0.593225], [0.539, 0.5417, 0.592225], [0.5317, 0.5352, 0.593225]], "0.5": [[0.5737, 0.5697, 0.6232], [0.5766, 0.5757, 0.628425], [0.5768, 0.572, 0.6267], [0.5775, 0.566, 0.62485]], "1.0": [[0.5948, 0.58, 0.63335], [0.5905, 0.5811, 0.631325], [0.5929, 0.5856, 0.63465], [0.5941, 0.5802, 0.6365]], "1.5": [[0.6031, 0.5863, 0.640725], [0.603, 0.584, 0.6358], [0.6084, 0.5859, 0.640125], [0.6057, 0.5861, 0.636525]], "2.0": [[0.6062, 0.5917, 0.6338], [0.6111, 0.5861, 0.63605], [0.6033, 0.5896, 0.634475], [0.6048, 0.5947, 0.634275]], "3.0": [[0.6056, 0.5862, 0.628925], [0.6063, 0.5856, 0.629825], [0.6075, 0.5787, 0.6253], [0.6087, 0.59, 0.630675]], "5.0": [[0.6031, 0.5845, 0.62045], [0.6065, 0.5824, 0.62265], [0.605, 0.5825, 0.6186], [0.6006, 0.5767, 0.614825]], "100.0": [[0.4262, 0.4119, 0.425725], [0.4277, 0.4183, 0.42655], [0.4192, 0.4179, 0.430575], [0.4308, 0.4147, 0.434175]], "200.0": [[0.4052, 0.3924, 0.402475], [0.4087, 0.3944, 0.409125], [0.4001, 0.3889, 0.4051], [0.4138, 0.4035, 0.41205]]}}}, "epoch": 150, "num_classes_workers": 4, "hidden_dim": 256, "batch_size": 512, "clf_epochs": 100, "Job_id": "162222", "method": ["gcc"], "crop_size": [0.6], "std": [0.001, 0.01, 0.1, 0.5, 1.0, 1.5, 2.0, 3.0, 5.0, 100.0, 200.0], "num_of_trials": 4}