{"results": {"gcc": {"0.4": {"0.001": [[0.4937, 0.4798, 0.512975], [0.4938, 0.4768, 0.51005], [0.4937, 0.4824, 0.51465], [0.4883, 0.4775, 0.511975]], "0.01": [[0.4943, 0.4938, 0.523025], [0.4917, 0.4878, 0.52655], [0.4913, 0.4878, 0.5229], [0.4941, 0.4844, 0.520275]], "0.1": [[0.5552, 0.5658, 0.61055], [0.5549, 0.5659, 0.606325], [0.554, 0.5657, 0.60745], [0.5576, 0.5776, 0.616]], "0.5": [[0.6021, 0.5962, 0.63885], [0.6001, 0.5839, 0.6321], [0.6052, 0.598, 0.64], [0.6007, 0.5966, 0.638025]], "1.0": [[0.6064, 0.6043, 0.637475], [0.6155, 0.605, 0.640225], [0.6073, 0.6051, 0.6398], [0.6075, 0.5994, 0.6359]], "1.5": [[0.6154, 0.6068, 0.643], [0.614, 0.6086, 0.6421], [0.6132, 0.6046, 0.6401], [0.6136, 0.6081, 0.638275]], "2.0": [[0.6199, 0.6102, 0.644075], [0.6171, 0.6055, 0.640675], [0.6171, 0.6078, 0.641525], [0.6153, 0.6164, 0.642125]], "3.0": [[0.6214, 0.6062, 0.636925], [0.6181, 0.603, 0.634875], [0.6138, 0.6038, 0.633975], [0.6186, 0.613, 0.637825]], "5.0": [[0.6038, 0.5948, 0.6179], [0.6143, 0.5979, 0.622775], [0.6113, 0.6011, 0.62745], [0.6111, 0.5943, 0.621025]], "100.0": [[0.4288, 0.4187, 0.4248], [0.4288, 0.4292, 0.429], [0.4302, 0.4184, 0.42515], [0.4306, 0.4302, 0.430975]], "200.0": [[0.4273, 0.4238, 0.41875], [0.4197, 0.4165, 0.414175], [0.4179, 0.4146, 0.414025], [0.4249, 0.4194, 0.417625]]}}}, "epoch": 150, "num_classes_workers": 4, "hidden_dim": 256, "batch_size": 512, "clf_epochs": 100, "Job_id": "162224", "method": ["gcc"], "crop_size": [0.4], "std": [0.001, 0.01, 0.1, 0.5, 1.0, 1.5, 2.0, 3.0, 5.0, 100.0, 200.0], "num_of_trials": 4}