{"results": {"gcc": {"0.8": {"0.001": [[0.4709, 0.4606, 0.504175], [0.473, 0.4607, 0.5021], [0.4727, 0.4605, 0.501525], [0.4808, 0.4701, 0.501]], "0.01": [[0.481, 0.4738, 0.50965], [0.485, 0.4681, 0.509425], [0.4855, 0.468, 0.5072], [0.4842, 0.4674, 0.511375]], "0.1": [[0.5061, 0.4951, 0.55145], [0.5128, 0.498, 0.547275], [0.5099, 0.4945, 0.5515], [0.509, 0.4985, 0.5488]], "0.5": [[0.5361, 0.5225, 0.578225], [0.535, 0.5307, 0.5744], [0.5406, 0.5226, 0.58215], [0.537, 0.5259, 0.5812]], "1.0": [[0.5545, 0.534, 0.590925], [0.5499, 0.533, 0.588075], [0.547, 0.5354, 0.58595], [0.547, 0.5379, 0.589075]], "1.5": [[0.5622, 0.5448, 0.589725], [0.56, 0.5389, 0.5929], [0.5608, 0.5372, 0.5877], [0.5607, 0.542, 0.588]], "2.0": [[0.5627, 0.5521, 0.58925], [0.57, 0.5507, 0.595125], [0.5591, 0.5471, 0.59425], [0.5636, 0.5491, 0.5963]], "3.0": [[0.5661, 0.5466, 0.592875], [0.5652, 0.552, 0.5886], [0.5623, 0.5465, 0.590675], [0.5687, 0.5494, 0.58565]], "5.0": [[0.5642, 0.5508, 0.58265], [0.5518, 0.5471, 0.580025], [0.5588, 0.547, 0.57875], [0.5582, 0.5497, 0.582]], "100.0": [[0.4299, 0.4277, 0.442075], [0.4316, 0.4229, 0.43915], [0.4314, 0.43, 0.4408], [0.4285, 0.4287, 0.437225]], "200.0": [[0.4125, 0.4006, 0.41385], [0.4208, 0.4057, 0.4174], [0.4243, 0.4052, 0.422475], [0.4214, 0.4029, 0.418175]]}}}, "epoch": 150, "num_classes_workers": 4, "hidden_dim": 256, "batch_size": 512, "clf_epochs": 100, "Job_id": "162226", "method": ["gcc"], "crop_size": [0.8], "std": [0.001, 0.01, 0.1, 0.5, 1.0, 1.5, 2.0, 3.0, 5.0, 100.0, 200.0], "num_of_trials": 4}