{"results": {"gccr": {"0.6": {"0.001": [[0.4924, 0.4796, 0.51245], [0.4938, 0.4883, 0.516875], [0.4949, 0.4857, 0.513525], [0.4938, 0.4818, 0.511875]], "0.01": [[0.493, 0.4804, 0.521825], [0.49, 0.4828, 0.52275], [0.4927, 0.4805, 0.5225], [0.4867, 0.4791, 0.5211]], "0.1": [[0.5235, 0.5364, 0.58545], [0.5313, 0.5445, 0.5937], [0.5289, 0.5435, 0.593175], [0.529, 0.5448, 0.59025]], "0.5": [[0.5552, 0.5702, 0.623225], [0.5536, 0.5677, 0.61895], [0.5534, 0.5681, 0.615475], [0.5567, 0.5697, 0.6196]], "1.0": [[0.5714, 0.5847, 0.6273], [0.5621, 0.5852, 0.630225], [0.5655, 0.5817, 0.628375], [0.5676, 0.582, 0.629725]], "1.5": [[0.5695, 0.5802, 0.636025], [0.5678, 0.5789, 0.627525], [0.5724, 0.5827, 0.6359], [0.5729, 0.5793, 0.6273]], "2.0": [[0.5725, 0.5787, 0.6298], [0.5683, 0.583, 0.629125], [0.5676, 0.5794, 0.63025], [0.5724, 0.5854, 0.628575]], "3.0": [[0.5786, 0.5904, 0.63265], [0.575, 0.5889, 0.628275], [0.5778, 0.5902, 0.630975], [0.5694, 0.5837, 0.63065]], "5.0": [[0.5762, 0.5886, 0.6318], [0.5793, 0.5899, 0.6342], [0.5684, 0.5901, 0.63295], [0.5739, 0.5903, 0.62975]], "100.0": [[0.5726, 0.5858, 0.624275], [0.5767, 0.5816, 0.6242], [0.5682, 0.5889, 0.626825], [0.5761, 0.5882, 0.622225]], "200.0": [[0.5711, 0.5855, 0.619025], [0.5739, 0.5877, 0.62205], [0.5712, 0.5835, 0.6174], [0.5706, 0.5814, 0.62025]]}}}, "epoch": 150, "num_classes_workers": 4, "hidden_dim": 256, "batch_size": 512, "clf_epochs": 100, "Job_id": "162223", "method": ["gccr"], "crop_size": [0.6], "std": [0.001, 0.01, 0.1, 0.5, 1.0, 1.5, 2.0, 3.0, 5.0, 100.0, 200.0], "num_of_trials": 4}