{"results": {"without_Pretraining": {"0.2": {"0.001": [[0.3158, 0.2991, 0.309775], [0.3158, 0.2991, 0.309775], [0.3158, 0.2991, 0.309775], [0.3158, 0.2991, 0.309775]]}}}, "epoch": 0, "num_classes_workers": 4, "hidden_dim": 128, "batch_size": 512, "clf_epochs": 100, "Job_id": "1625290", "method": ["without_Pretraining"], "crop_size": [0.2], "std": [0.001], "num_of_trials": 4, "dataset": "TwoViewCifar10", "model": "Proto18", "adaptive_center": false}