{"results": {"gccr": {"0.8": {"0.001": [[0.4974, 0.4835, 0.5168], [0.4978, 0.4879, 0.50835], [0.5007, 0.4924, 0.512775], [0.4771, 0.4784, 0.500325]], "0.01": [[0.5118, 0.5109, 0.52825], [0.513, 0.4974, 0.525275], [0.5194, 0.505, 0.53685], [0.5142, 0.5082, 0.5355]], "0.1": [[0.5353, 0.5334, 0.56615], [0.5419, 0.5259, 0.558875], [0.541, 0.532, 0.557775], [0.5392, 0.5297, 0.565025]], "0.5": [[0.5464, 0.5411, 0.56645], [0.544, 0.5369, 0.565], [0.547, 0.5405, 0.569625], [0.5476, 0.5441, 0.5681]], "1.0": [[0.5491, 0.5236, 0.558825], [0.5478, 0.5452, 0.569625], [0.5421, 0.533, 0.56485], [0.54, 0.5388, 0.5656]], "1.5": [[0.5438, 0.5403, 0.56975], [0.545, 0.5437, 0.5654], [0.5471, 0.5519, 0.5762], [0.5485, 0.5387, 0.56395]], "2.0": [[0.5484, 0.5481, 0.574825], [0.5441, 0.5355, 0.5686], [0.5444, 0.5391, 0.57185], [0.542, 0.5361, 0.5688]], "3.0": [[0.5502, 0.5428, 0.566], [0.5442, 0.5419, 0.57275], [0.5431, 0.5355, 0.565425], [0.5507, 0.5451, 0.573575]], "4.0": [[0.5321, 0.5347, 0.560425], [0.5432, 0.5361, 0.562525], [0.5408, 0.5318, 0.565875], [0.5489, 0.536, 0.569925]], "5.0": [[0.5349, 0.5292, 0.5547], [0.5345, 0.5377, 0.5635], [0.5336, 0.5269, 0.557225], [0.5445, 0.5342, 0.56865]], "10.0": [[0.5503, 0.5381, 0.5691], [0.5476, 0.5356, 0.56605], [0.5524, 0.5363, 0.564325], [0.5417, 0.5383, 0.562925]], "50.0": [[0.547, 0.5463, 0.5677], [0.5462, 0.5321, 0.5673], [0.5406, 0.5298, 0.559075], [0.5423, 0.5403, 0.562825]], "100.0": [[0.5334, 0.5294, 0.5631], [0.542, 0.538, 0.563375], [0.5387, 0.5407, 0.56705], [0.534, 0.532, 0.561075]], "200.0": [[0.5454, 0.5342, 0.562525], [0.5489, 0.5388, 0.567325], [0.5425, 0.5303, 0.56345], [0.5486, 0.5336, 0.56565]]}}}, "epoch": 200, "num_classes_workers": 4, "hidden_dim": 128, "batch_size": 512, "clf_epochs": 100, "Job_id": "1625337", "method": ["gccr"], "crop_size": [0.8], "std": [0.001, 0.01, 0.1, 0.5, 1.0, 1.5, 2.0, 3.0, 4.0, 5.0, 10.0, 50.0, 100.0, 200.0], "num_of_trials": 4, "dataset": "TwoViewCifar10", "model": "Proto18", "adaptive_center": false}