{"results": {"gccr": {"0.4": {"0.001": [[0.5082, 0.5011, 0.5288], [0.5078, 0.5043, 0.527725], [0.519, 0.5081, 0.53325], [0.5236, 0.5055, 0.534125]], "0.01": [[0.524, 0.5205, 0.54865], [0.5309, 0.5186, 0.54705], [0.5113, 0.5107, 0.539375], [0.5242, 0.5202, 0.545375]], "0.1": [[0.5787, 0.5764, 0.6042], [0.5806, 0.5797, 0.60065], [0.5843, 0.5838, 0.610325], [0.5763, 0.5869, 0.606475]], "0.5": [[0.615, 0.6143, 0.635], [0.6143, 0.6141, 0.637175], [0.6057, 0.613, 0.6368], [0.6156, 0.6138, 0.64105]], "1.0": [[0.6155, 0.6201, 0.643725], [0.6188, 0.6228, 0.641125], [0.613, 0.6191, 0.639275], [0.6158, 0.6251, 0.64215]], "1.5": [[0.6245, 0.6286, 0.646925], [0.6178, 0.6107, 0.632025], [0.6186, 0.6217, 0.639425], [0.6224, 0.6239, 0.644775]], "2.0": [[0.6157, 0.6175, 0.640175], [0.6116, 0.6195, 0.63735], [0.6098, 0.6129, 0.629975], [0.6203, 0.6119, 0.636125]], "3.0": [[0.6124, 0.6094, 0.627525], [0.6101, 0.6097, 0.63245], [0.608, 0.6091, 0.631275], [0.6114, 0.6138, 0.629]], "4.0": [[0.6039, 0.6141, 0.625875], [0.5986, 0.6051, 0.6225], [0.6032, 0.6087, 0.627375], [0.6118, 0.6033, 0.624075]], "5.0": [[0.6102, 0.6096, 0.62725], [0.6021, 0.6105, 0.628225], [0.6039, 0.6079, 0.626025], [0.594, 0.6088, 0.620125]], "10.0": [[0.601, 0.6067, 0.61805], [0.5894, 0.5933, 0.613425], [0.5977, 0.6036, 0.6159], [0.5936, 0.5991, 0.6147]], "50.0": [[0.5762, 0.5844, 0.59645], [0.5758, 0.5834, 0.596125], [0.5702, 0.5744, 0.588775], [0.5785, 0.5851, 0.5959]], "100.0": [[0.5618, 0.5671, 0.57825], [0.5662, 0.5644, 0.5821], [0.5653, 0.5724, 0.58265], [0.5696, 0.5752, 0.58655]], "200.0": [[0.5578, 0.5644, 0.577425], [0.5594, 0.5635, 0.577775], [0.573, 0.5664, 0.579175], [0.5553, 0.5626, 0.574325]]}}}, "epoch": 200, "num_classes_workers": 4, "hidden_dim": 128, "batch_size": 512, "clf_epochs": 100, "Job_id": "1625373", "method": ["gccr"], "crop_size": [0.4], "std": [0.001, 0.01, 0.1, 0.5, 1.0, 1.5, 2.0, 3.0, 4.0, 5.0, 10.0, 50.0, 100.0, 200.0], "num_of_trials": 4, "dataset": "TwoViewCifar10", "model": "Proto18", "adaptive_center": false}