{"results": {"gccr": {"0.2": {"0.001": [[0.4801, 0.4863, 0.503975], [0.4888, 0.4789, 0.503025], [0.4825, 0.4809, 0.5058], [0.4821, 0.4867, 0.50375]], "0.01": [[0.5051, 0.5063, 0.528675], [0.512, 0.5186, 0.5354], [0.5064, 0.5117, 0.533025], [0.5156, 0.5106, 0.537825]], "0.1": [[0.5671, 0.5758, 0.59625], [0.5673, 0.5756, 0.597125], [0.5662, 0.5655, 0.595025], [0.5525, 0.5704, 0.59035]], "0.5": [[0.6135, 0.6375, 0.6515], [0.6195, 0.6358, 0.65275], [0.6077, 0.6341, 0.644], [0.6216, 0.6372, 0.6505]], "1.0": [[0.643, 0.6603, 0.665275], [0.6414, 0.6597, 0.6704], [0.6337, 0.6545, 0.661125], [0.6437, 0.6575, 0.666375]], "1.5": [[0.6388, 0.6519, 0.66355], [0.6425, 0.6633, 0.6708], [0.6481, 0.6691, 0.6747], [0.6445, 0.6543, 0.66925]], "2.0": [[0.6307, 0.6474, 0.6538], [0.6426, 0.6565, 0.668225], [0.6318, 0.6552, 0.65595], [0.6422, 0.6572, 0.667175]], "3.0": [[0.6444, 0.6465, 0.662075], [0.6385, 0.6551, 0.663], [0.6466, 0.6452, 0.662], [0.6391, 0.658, 0.6669]], "4.0": [[0.6255, 0.6441, 0.6532], [0.6258, 0.6373, 0.64845], [0.63, 0.646, 0.65285], [0.6376, 0.6419, 0.651675]], "5.0": [[0.6229, 0.6401, 0.643125], [0.6183, 0.6341, 0.642875], [0.6218, 0.6439, 0.64055], [0.6174, 0.6399, 0.64335]], "10.0": [[0.6156, 0.6251, 0.62055], [0.6053, 0.6199, 0.61955], [0.6149, 0.6261, 0.6293], [0.6143, 0.6207, 0.626775]], "50.0": [[0.5487, 0.5623, 0.56515], [0.5531, 0.5595, 0.569425], [0.5606, 0.5616, 0.56535], [0.5583, 0.5616, 0.567025]], "100.0": [[0.5386, 0.5437, 0.547025], [0.5456, 0.541, 0.5456], [0.5332, 0.5426, 0.54235], [0.5468, 0.5449, 0.5489]], "200.0": [[0.5261, 0.5206, 0.52405], [0.5165, 0.5133, 0.51555], [0.5176, 0.5199, 0.5214], [0.5309, 0.529, 0.52735]]}}}, "epoch": 200, "num_classes_workers": 4, "hidden_dim": 128, "batch_size": 512, "clf_epochs": 100, "Job_id": "1625351", "method": ["gccr"], "crop_size": [0.2], "std": [0.001, 0.01, 0.1, 0.5, 1.0, 1.5, 2.0, 3.0, 4.0, 5.0, 10.0, 50.0, 100.0, 200.0], "num_of_trials": 4, "dataset": "TwoViewCifar10", "model": "Proto18", "adaptive_center": false}