{"results": {"gcc": {"0.2": {"0.001": [[0.4969, 0.4894, 0.51235], [0.4884, 0.4845, 0.505475], [0.5006, 0.5065, 0.516325], [0.4995, 0.4942, 0.516225]], "0.01": [[0.5061, 0.5105, 0.534425], [0.5102, 0.5093, 0.536425], [0.513, 0.521, 0.53555], [0.5055, 0.5093, 0.5315]], "0.1": [[0.5703, 0.5805, 0.597625], [0.5582, 0.5745, 0.591975], [0.5682, 0.5765, 0.599675], [0.5567, 0.5747, 0.594375]], "0.5": [[0.6277, 0.6407, 0.655825], [0.6225, 0.6359, 0.651875], [0.6268, 0.6354, 0.652], [0.6227, 0.643, 0.65395]], "1.0": [[0.668, 0.6672, 0.681575], [0.6566, 0.6614, 0.675675], [0.6574, 0.6575, 0.67425], [0.6549, 0.6612, 0.6723]], "1.5": [[0.6419, 0.6496, 0.66235], [0.6483, 0.6518, 0.66695], [0.6487, 0.652, 0.667475], [0.6508, 0.6555, 0.6687]], "2.0": [[0.6467, 0.6507, 0.668175], [0.649, 0.6505, 0.666775], [0.6444, 0.6563, 0.6643], [0.633, 0.6454, 0.663925]], "3.0": [[0.6287, 0.6389, 0.653025], [0.624, 0.6296, 0.644925], [0.631, 0.6362, 0.646625], [0.6186, 0.6256, 0.639675]], "4.0": [[0.6127, 0.6128, 0.6232], [0.6085, 0.6066, 0.624375], [0.605, 0.6076, 0.6253], [0.6088, 0.6085, 0.62245]], "5.0": [[0.5804, 0.5772, 0.592525], [0.5929, 0.5919, 0.6043], [0.5859, 0.5888, 0.60025], [0.5776, 0.5847, 0.594025]], "10.0": [[0.5095, 0.5044, 0.515975], [0.509, 0.5001, 0.5115], [0.4972, 0.5004, 0.510875], [0.5008, 0.5072, 0.519075]], "50.0": [[0.3442, 0.3295, 0.328825], [0.3382, 0.3321, 0.332425], [0.329, 0.3308, 0.328225], [0.3445, 0.3324, 0.326425]], "100.0": [[0.3149, 0.2945, 0.303575], [0.3148, 0.3029, 0.305325], [0.3296, 0.3161, 0.312525], [0.3253, 0.3132, 0.3117]], "200.0": [[0.3086, 0.2943, 0.294375], [0.2879, 0.277, 0.277275], [0.2911, 0.2709, 0.2684], [0.3106, 0.296, 0.287425]]}}}, "epoch": 200, "num_classes_workers": 4, "hidden_dim": 128, "batch_size": 512, "clf_epochs": 100, "Job_id": "1625340", "method": ["gcc"], "crop_size": [0.2], "std": [0.001, 0.01, 0.1, 0.5, 1.0, 1.5, 2.0, 3.0, 4.0, 5.0, 10.0, 50.0, 100.0, 200.0], "num_of_trials": 4, "dataset": "TwoViewCifar10", "model": "Proto18", "adaptive_center": false}