{"results": {"gcc": {"0.2": {"0.001": [[0.5386, 0.5345, 0.54645], [0.5415, 0.5382, 0.54905], [0.538, 0.5326, 0.545225], [0.5395, 0.5342, 0.544025]], "0.01": [[0.5629, 0.5606, 0.580575], [0.5632, 0.561, 0.58005], [0.5686, 0.5708, 0.580525], [0.5637, 0.5631, 0.586625]], "0.1": [[0.5933, 0.6035, 0.6231], [0.5987, 0.6017, 0.625475], [0.595, 0.6019, 0.623075], [0.6045, 0.6086, 0.629175]], "0.5": [[0.642, 0.6486, 0.662975], [0.6375, 0.6392, 0.658475], [0.6418, 0.6433, 0.661225], [0.6371, 0.6403, 0.65905]], "1.0": [[0.6357, 0.6415, 0.65665], [0.6345, 0.637, 0.654525], [0.6391, 0.6327, 0.652875], [0.6347, 0.6417, 0.65545]], "1.5": [[0.6349, 0.636, 0.655625], [0.6441, 0.6408, 0.661475], [0.6447, 0.6442, 0.66435], [0.6355, 0.64, 0.656225]], "2.0": [[0.6248, 0.6331, 0.6525], [0.6245, 0.6274, 0.649075], [0.6291, 0.634, 0.652], [0.6299, 0.6393, 0.656025]], "3.0": [[0.6175, 0.6174, 0.631425], [0.6135, 0.6098, 0.63235], [0.6124, 0.6136, 0.6297], [0.6147, 0.6082, 0.62575]], "4.0": [[0.5935, 0.5974, 0.6132], [0.5888, 0.5824, 0.600325], [0.5952, 0.5939, 0.6106], [0.5969, 0.5981, 0.61225]], "5.0": [[0.5819, 0.5727, 0.58705], [0.5756, 0.5742, 0.58695], [0.5776, 0.5729, 0.587975], [0.5854, 0.5817, 0.593225]], "10.0": [[0.4846, 0.4817, 0.495175], [0.4953, 0.4902, 0.498075], [0.4832, 0.4826, 0.490925], [0.4906, 0.4844, 0.49605]], "50.0": [[0.2179, 0.2129, 0.258825], [0.3256, 0.3348, 0.331675], [0.2192, 0.2151, 0.245525], [0.3342, 0.3286, 0.3296]], "100.0": [[0.2015, 0.2044, 0.199375], [0.3211, 0.3074, 0.308425], [0.3161, 0.3084, 0.30425], [0.3219, 0.316, 0.31145]], "200.0": [[0.28, 0.2644, 0.27425], [0.2974, 0.2841, 0.28335], [0.3096, 0.2907, 0.292125], [0.3016, 0.2868, 0.28295]]}}}, "epoch": 200, "num_classes_workers": 4, "hidden_dim": 128, "batch_size": 512, "clf_epochs": 100, "Job_id": "1625420", "method": ["gcc"], "crop_size": [0.2], "std": [0.001, 0.01, 0.1, 0.5, 1.0, 1.5, 2.0, 3.0, 4.0, 5.0, 10.0, 50.0, 100.0, 200.0], "num_of_trials": 4, "dataset": "TwoViewCifar10", "model": "Proto18", "adaptive_center": true}