{"results": {"gccr": {"0.4": {"0.001": [[0.5179, 0.5053, 0.521425], [0.5165, 0.5027, 0.525425], [0.5186, 0.5149, 0.52445], [0.4912, 0.4871, 0.4983]], "0.01": [[0.5454, 0.5404, 0.558875], [0.551, 0.5488, 0.56885], [0.5534, 0.5478, 0.56495], [0.542, 0.5411, 0.5573]], "0.1": [[0.5956, 0.5981, 0.61835], [0.5951, 0.6035, 0.6221], [0.5902, 0.5909, 0.617875], [0.6008, 0.6066, 0.624225]], "0.5": [[0.6202, 0.6246, 0.644675], [0.6235, 0.6251, 0.6401], [0.6147, 0.6223, 0.640975], [0.6201, 0.6288, 0.64465]], "1.0": [[0.6155, 0.6275, 0.639325], [0.6126, 0.6217, 0.632575], [0.6107, 0.618, 0.634575], [0.6173, 0.6199, 0.636075]], "1.5": [[0.6113, 0.6193, 0.6291], [0.6051, 0.6141, 0.628875], [0.6106, 0.6156, 0.6268], [0.6202, 0.6199, 0.6308]], "2.0": [[0.6039, 0.6152, 0.62975], [0.6066, 0.6076, 0.626375], [0.6081, 0.6105, 0.629125], [0.5971, 0.6033, 0.620475]], "3.0": [[0.6018, 0.6152, 0.6266], [0.5979, 0.6094, 0.6206], [0.5961, 0.6126, 0.61935], [0.6065, 0.6099, 0.62685]], "4.0": [[0.602, 0.6088, 0.619775], [0.6008, 0.6046, 0.61955], [0.5979, 0.6075, 0.6202], [0.5961, 0.6121, 0.6197]], "5.0": [[0.5981, 0.6016, 0.621875], [0.6034, 0.6152, 0.621775], [0.5988, 0.6044, 0.616475], [0.6035, 0.6118, 0.623425]], "10.0": [[0.5859, 0.599, 0.609975], [0.585, 0.6014, 0.609125], [0.5916, 0.6008, 0.60765], [0.587, 0.5932, 0.6122]], "50.0": [[0.5747, 0.5804, 0.588775], [0.5728, 0.5775, 0.5953], [0.5683, 0.5758, 0.589775], [0.5702, 0.5757, 0.59]], "100.0": [[0.5794, 0.5751, 0.588725], [0.568, 0.576, 0.5849], [0.5689, 0.58, 0.5902], [0.5677, 0.581, 0.587425]], "200.0": [[0.5543, 0.563, 0.574], [0.5642, 0.5741, 0.5806], [0.5576, 0.5691, 0.57925], [0.5634, 0.5694, 0.57815]]}}}, "epoch": 200, "num_classes_workers": 4, "hidden_dim": 128, "batch_size": 512, "clf_epochs": 100, "Job_id": "1625853", "method": ["gccr"], "crop_size": [0.4], "std": [0.001, 0.01, 0.1, 0.5, 1.0, 1.5, 2.0, 3.0, 4.0, 5.0, 10.0, 50.0, 100.0, 200.0], "num_of_trials": 4, "dataset": "TwoViewCifar10", "model": "Proto18", "adaptive_center": true}