{"results": {"gccr": {"0.6": {"0.001": [[0.5027, 0.4884, 0.514425], [0.5041, 0.4931, 0.5197], [0.519, 0.4998, 0.53095], [0.5119, 0.4964, 0.5192]], "0.01": [[0.52, 0.5119, 0.544325], [0.5386, 0.5257, 0.5522], [0.513, 0.5062, 0.535425], [0.5144, 0.5044, 0.5325]], "0.1": [[0.5673, 0.5707, 0.59145], [0.5751, 0.5696, 0.606725], [0.5819, 0.5669, 0.600075], [0.5694, 0.5699, 0.5972]], "0.5": [[0.5814, 0.5748, 0.60325], [0.5902, 0.5715, 0.602], [0.5749, 0.575, 0.603925], [0.5848, 0.5744, 0.604675]], "1.0": [[0.586, 0.5781, 0.605975], [0.5779, 0.5715, 0.5977], [0.5791, 0.5679, 0.60445], [0.5818, 0.5753, 0.60315]], "1.5": [[0.5781, 0.5716, 0.5979], [0.5744, 0.57, 0.59715], [0.5768, 0.5698, 0.6001], [0.5786, 0.5767, 0.60255]], "2.0": [[0.576, 0.576, 0.6038], [0.5783, 0.574, 0.602625], [0.5762, 0.5736, 0.602825], [0.5759, 0.5728, 0.5992]], "3.0": [[0.5779, 0.5648, 0.5945], [0.578, 0.5728, 0.59825], [0.5725, 0.5705, 0.598475], [0.582, 0.5745, 0.60205]], "4.0": [[0.5752, 0.5675, 0.59335], [0.5759, 0.5655, 0.594625], [0.5781, 0.5718, 0.600675], [0.5837, 0.5751, 0.60095]], "5.0": [[0.5791, 0.5671, 0.59485], [0.5683, 0.5758, 0.594125], [0.5724, 0.5737, 0.5944], [0.57, 0.5639, 0.588075]], "10.0": [[0.5761, 0.5695, 0.589], [0.5597, 0.563, 0.581775], [0.5697, 0.5742, 0.59055], [0.577, 0.5709, 0.592625]], "50.0": [[0.5682, 0.554, 0.5813], [0.5694, 0.5568, 0.583375], [0.5619, 0.5626, 0.58025], [0.5646, 0.5626, 0.578475]], "100.0": [[0.557, 0.5563, 0.572225], [0.5551, 0.5513, 0.569725], [0.5543, 0.5539, 0.571275], [0.5665, 0.5579, 0.583275]], "200.0": [[0.5588, 0.5445, 0.568825], [0.5566, 0.5534, 0.567325], [0.5639, 0.5555, 0.57295], [0.5584, 0.5546, 0.5748]]}}}, "epoch": 200, "num_classes_workers": 4, "hidden_dim": 128, "batch_size": 512, "clf_epochs": 100, "Job_id": "1625395", "method": ["gccr"], "crop_size": [0.6], "std": [0.001, 0.01, 0.1, 0.5, 1.0, 1.5, 2.0, 3.0, 4.0, 5.0, 10.0, 50.0, 100.0, 200.0], "num_of_trials": 4, "dataset": "TwoViewCifar10", "model": "Proto18", "adaptive_center": false}