{"results": {"gcc": {"0.6": {"0.001": [[0.5013, 0.4846, 0.505425], [0.5238, 0.5013, 0.53425], [0.4943, 0.4858, 0.504925], [0.5131, 0.4887, 0.51635]], "0.01": [[0.5597, 0.545, 0.56775], [0.5466, 0.5363, 0.564175], [0.5369, 0.5218, 0.555325], [0.5395, 0.5292, 0.552125]], "0.1": [[0.5983, 0.5868, 0.61995], [0.6046, 0.5984, 0.627725], [0.6034, 0.5963, 0.6216], [0.6024, 0.5961, 0.6283]], "0.5": [[0.6359, 0.6304, 0.6637], [0.6402, 0.635, 0.667975], [0.6383, 0.6404, 0.66485], [0.6399, 0.6363, 0.6638]], "1.0": [[0.6526, 0.6534, 0.680275], [0.6571, 0.6558, 0.682225], [0.6622, 0.6527, 0.68305], [0.6559, 0.6562, 0.6822]], "1.5": [[0.6506, 0.6453, 0.672475], [0.6601, 0.6518, 0.6781], [0.6587, 0.6554, 0.67885], [0.6573, 0.6555, 0.67955]], "2.0": [[0.6531, 0.648, 0.674825], [0.6535, 0.6494, 0.67075], [0.6606, 0.6532, 0.678225], [0.656, 0.6499, 0.67525]], "3.0": [[0.6342, 0.631, 0.654425], [0.643, 0.6321, 0.653925], [0.6532, 0.645, 0.66615], [0.6483, 0.6433, 0.658675]], "4.0": [[0.6275, 0.614, 0.641825], [0.6201, 0.6246, 0.64185], [0.6273, 0.6159, 0.637975], [0.6314, 0.6225, 0.644375]], "5.0": [[0.6038, 0.6019, 0.624425], [0.6089, 0.6044, 0.626425], [0.6114, 0.6075, 0.62585], [0.6015, 0.6016, 0.623975]], "10.0": [[0.541, 0.5329, 0.554275], [0.5474, 0.5349, 0.556725], [0.5387, 0.5501, 0.568575], [0.5489, 0.5501, 0.5673]], "50.0": [[0.377, 0.3698, 0.374], [0.3795, 0.3676, 0.373525], [0.3775, 0.3668, 0.37355], [0.3829, 0.3639, 0.376675]], "100.0": [[0.3276, 0.3166, 0.32295], [0.3256, 0.318, 0.3196], [0.3339, 0.3236, 0.33005], [0.3251, 0.3142, 0.319675]], "200.0": [[0.3281, 0.313, 0.321775], [0.3312, 0.32, 0.321275], [0.3286, 0.313, 0.323], [0.3255, 0.3132, 0.317375]]}}}, "epoch": 200, "num_classes_workers": 4, "hidden_dim": 128, "batch_size": 512, "clf_epochs": 100, "Job_id": "1625864", "method": ["gcc"], "crop_size": [0.6], "std": [0.001, 0.01, 0.1, 0.5, 1.0, 1.5, 2.0, 3.0, 4.0, 5.0, 10.0, 50.0, 100.0, 200.0], "num_of_trials": 4, "dataset": "TwoViewCifar10", "model": "Proto18", "adaptive_center": true}