{"results": {"gccr": {"0.6": {"0.001": [[0.4842, 0.4822, 0.493175], [0.4731, 0.4625, 0.484925], [0.4814, 0.4837, 0.495975], [0.4746, 0.474, 0.48715]], "0.01": [[0.5226, 0.5232, 0.540125], [0.5407, 0.5419, 0.55575], [0.5183, 0.5259, 0.5383], [0.5296, 0.5325, 0.54255]], "0.1": [[0.585, 0.5859, 0.605775], [0.5797, 0.5845, 0.604675], [0.5801, 0.5835, 0.601775], [0.5759, 0.5791, 0.598275]], "0.5": [[0.589, 0.5917, 0.6114], [0.5949, 0.6006, 0.61595], [0.5987, 0.606, 0.62035], [0.595, 0.599, 0.6149]], "1.0": [[0.5813, 0.5882, 0.610425], [0.5832, 0.5911, 0.6038], [0.582, 0.5839, 0.603], [0.5896, 0.5858, 0.606275]], "1.5": [[0.585, 0.5916, 0.603075], [0.5845, 0.5845, 0.603775], [0.5852, 0.5803, 0.603325], [0.5639, 0.5783, 0.593375]], "2.0": [[0.5846, 0.5895, 0.602775], [0.5756, 0.5842, 0.60155], [0.5836, 0.5875, 0.6028], [0.581, 0.5901, 0.599725]], "3.0": [[0.5783, 0.584, 0.60025], [0.5687, 0.5758, 0.592], [0.5756, 0.5849, 0.596475], [0.5754, 0.5828, 0.596975]], "4.0": [[0.5881, 0.5869, 0.600325], [0.5777, 0.5745, 0.594925], [0.5792, 0.579, 0.59745], [0.5816, 0.5842, 0.5982]], "5.0": [[0.5743, 0.5856, 0.5995], [0.5798, 0.5837, 0.596375], [0.5869, 0.5898, 0.599575], [0.5748, 0.577, 0.590475]], "10.0": [[0.5749, 0.5829, 0.600425], [0.5688, 0.5718, 0.590275], [0.5746, 0.5762, 0.595825], [0.5754, 0.575, 0.592]], "50.0": [[0.5656, 0.5758, 0.58425], [0.5692, 0.5732, 0.588675], [0.5661, 0.5755, 0.5859], [0.5719, 0.5755, 0.586525]], "100.0": [[0.5555, 0.5556, 0.576175], [0.5592, 0.5686, 0.5722], [0.5575, 0.5684, 0.574425], [0.556, 0.5609, 0.570725]], "200.0": [[0.5522, 0.5595, 0.568725], [0.5608, 0.5678, 0.573875], [0.5557, 0.5657, 0.571475], [0.561, 0.5675, 0.572575]]}}}, "epoch": 200, "num_classes_workers": 4, "hidden_dim": 128, "batch_size": 512, "clf_epochs": 100, "Job_id": "1625875", "method": ["gccr"], "crop_size": [0.6], "std": [0.001, 0.01, 0.1, 0.5, 1.0, 1.5, 2.0, 3.0, 4.0, 5.0, 10.0, 50.0, 100.0, 200.0], "num_of_trials": 4, "dataset": "TwoViewCifar10", "model": "Proto18", "adaptive_center": true}