{"results": {"gccr": {"0.2": {"0.001": [[0.5405, 0.5211, 0.5445], [0.5305, 0.5205, 0.5452], [0.5381, 0.5267, 0.55], [0.5312, 0.5168, 0.540225]], "0.01": [[0.5588, 0.5489, 0.57875], [0.56, 0.5463, 0.579625], [0.5514, 0.552, 0.575925], [0.554, 0.5493, 0.578575]], "0.1": [[0.5935, 0.5952, 0.624975], [0.588, 0.5915, 0.6251], [0.59, 0.5955, 0.624025], [0.5881, 0.5953, 0.6248]], "0.5": [[0.625, 0.6318, 0.657425], [0.6226, 0.6314, 0.6568], [0.6247, 0.6353, 0.65695], [0.6296, 0.6299, 0.6556]], "1.0": [[0.6267, 0.6327, 0.662375], [0.6307, 0.6406, 0.663075], [0.6345, 0.6396, 0.663325], [0.6322, 0.6433, 0.664175]], "1.5": [[0.6369, 0.6386, 0.659875], [0.6371, 0.6366, 0.664275], [0.6238, 0.6347, 0.65945], [0.638, 0.6387, 0.664825]], "2.0": [[0.6293, 0.6358, 0.6584], [0.6201, 0.6313, 0.6567], [0.6415, 0.6394, 0.66095], [0.6297, 0.6362, 0.657575]], "3.0": [[0.6174, 0.6267, 0.644275], [0.6388, 0.6407, 0.665525], [0.6226, 0.6341, 0.657325], [0.6335, 0.6371, 0.657725]], "4.0": [[0.6293, 0.6307, 0.652675], [0.6327, 0.6296, 0.64975], [0.6247, 0.623, 0.6504], [0.6269, 0.622, 0.648825]], "5.0": [[0.6173, 0.6203, 0.642225], [0.6205, 0.6253, 0.64145], [0.6118, 0.6136, 0.639675], [0.6077, 0.611, 0.635125]], "10.0": [[0.6033, 0.606, 0.621975], [0.5995, 0.6023, 0.623275], [0.6015, 0.6024, 0.620175], [0.6034, 0.6052, 0.626825]], "50.0": [[0.5623, 0.5559, 0.5681], [0.5503, 0.5549, 0.566325], [0.5563, 0.5561, 0.56875], [0.5599, 0.5605, 0.569125]], "100.0": [[0.5574, 0.5465, 0.55795], [0.5401, 0.531, 0.55255], [0.5463, 0.5435, 0.5554], [0.5468, 0.5376, 0.551125]], "200.0": [[0.5269, 0.5165, 0.526825], [0.5322, 0.5234, 0.529575], [0.5225, 0.505, 0.525275], [0.5217, 0.5215, 0.534075]]}}}, "epoch": 200, "num_classes_workers": 4, "hidden_dim": 128, "batch_size": 512, "clf_epochs": 100, "Job_id": "1625431", "method": ["gccr"], "crop_size": [0.2], "std": [0.001, 0.01, 0.1, 0.5, 1.0, 1.5, 2.0, 3.0, 4.0, 5.0, 10.0, 50.0, 100.0, 200.0], "num_of_trials": 4, "dataset": "TwoViewCifar10", "model": "Proto18", "adaptive_center": true}