{"results": {"gcc": {"0.8": {"0.001": [[0.4842, 0.4778, 0.50005], [0.4971, 0.4795, 0.50565], [0.5025, 0.4883, 0.511175], [0.4892, 0.483, 0.5125]], "0.01": [[0.5084, 0.5017, 0.526225], [0.5115, 0.4982, 0.5282], [0.5097, 0.5062, 0.53095], [0.5118, 0.5123, 0.536125]], "0.1": [[0.5445, 0.5417, 0.56985], [0.5539, 0.5509, 0.574825], [0.5447, 0.5486, 0.56815], [0.5563, 0.554, 0.575975]], "0.5": [[0.6098, 0.5993, 0.6286], [0.6146, 0.6131, 0.6331], [0.6061, 0.6014, 0.622475], [0.6063, 0.6051, 0.625675]], "1.0": [[0.6469, 0.6397, 0.66445], [0.6361, 0.644, 0.660025], [0.6434, 0.6401, 0.65995], [0.643, 0.646, 0.662325]], "1.5": [[0.6536, 0.6529, 0.675775], [0.6614, 0.66, 0.678075], [0.6576, 0.6557, 0.675975], [0.6544, 0.6563, 0.673025]], "2.0": [[0.6645, 0.6606, 0.67985], [0.6683, 0.6588, 0.68155], [0.6645, 0.663, 0.685125], [0.6684, 0.6678, 0.6818]], "3.0": [[0.6523, 0.6503, 0.66845], [0.6446, 0.6455, 0.6606], [0.6483, 0.6436, 0.6637], [0.6605, 0.6512, 0.67395]], "4.0": [[0.6427, 0.6292, 0.651675], [0.6332, 0.6275, 0.647275], [0.6294, 0.6294, 0.644425], [0.6345, 0.6326, 0.648575]], "5.0": [[0.6184, 0.6159, 0.6332], [0.6211, 0.614, 0.634175], [0.6234, 0.6198, 0.63885], [0.6216, 0.6134, 0.635575]], "10.0": [[0.5637, 0.5543, 0.567525], [0.5494, 0.5547, 0.564075], [0.566, 0.5508, 0.573825], [0.5643, 0.5564, 0.571875]], "50.0": [[0.4019, 0.3881, 0.3933], [0.3787, 0.3654, 0.37455], [0.3846, 0.377, 0.385775], [0.3939, 0.3811, 0.383175]], "100.0": [[0.3439, 0.3295, 0.33725], [0.3481, 0.3298, 0.3333], [0.3338, 0.3251, 0.324125], [0.3458, 0.3357, 0.3378]], "200.0": [[0.2567, 0.2427, 0.24395], [0.3309, 0.3245, 0.33], [0.3218, 0.3045, 0.3158], [0.3202, 0.3138, 0.31235]]}}}, "epoch": 200, "num_classes_workers": 4, "hidden_dim": 128, "batch_size": 512, "clf_epochs": 100, "Job_id": "1625406", "method": ["gcc"], "crop_size": [0.8], "std": [0.001, 0.01, 0.1, 0.5, 1.0, 1.5, 2.0, 3.0, 4.0, 5.0, 10.0, 50.0, 100.0, 200.0], "num_of_trials": 4, "dataset": "TwoViewCifar10", "model": "Proto18", "adaptive_center": false}