{"results": {"gccr": {"0.8": {"0.001": [[0.4251, 0.407, 0.4196], [0.4422, 0.4299, 0.44315], [0.4215, 0.4008, 0.4229], [0.4198, 0.4018, 0.423975]], "0.01": [[0.4672, 0.4668, 0.483775], [0.4668, 0.4537, 0.476525], [0.4673, 0.4503, 0.475825], [0.4875, 0.4717, 0.49305]], "0.1": [[0.5358, 0.5373, 0.55975], [0.5374, 0.5321, 0.5564], [0.5194, 0.5175, 0.54455], [0.5325, 0.5276, 0.554125]], "0.5": [[0.5337, 0.5346, 0.558525], [0.5322, 0.525, 0.548625], [0.5351, 0.5341, 0.55575], [0.5406, 0.5377, 0.558525]], "1.0": [[0.5387, 0.536, 0.56255], [0.5399, 0.5283, 0.56145], [0.5397, 0.5371, 0.562725], [0.5416, 0.5344, 0.5647]], "1.5": [[0.5335, 0.5319, 0.5566], [0.5315, 0.5394, 0.5627], [0.5428, 0.5326, 0.558025], [0.5434, 0.5385, 0.559275]], "2.0": [[0.5385, 0.5391, 0.560825], [0.5417, 0.5413, 0.56365], [0.5452, 0.5436, 0.566175], [0.5368, 0.5359, 0.56285]], "3.0": [[0.5442, 0.5401, 0.562675], [0.5432, 0.5392, 0.564625], [0.5501, 0.543, 0.565525], [0.54, 0.5369, 0.563325]], "4.0": [[0.5373, 0.5374, 0.5579], [0.5418, 0.5447, 0.561275], [0.547, 0.5372, 0.563525], [0.5425, 0.5389, 0.564575]], "5.0": [[0.5423, 0.5376, 0.56455], [0.5449, 0.5444, 0.568475], [0.54, 0.5401, 0.565125], [0.5394, 0.5337, 0.5598]], "10.0": [[0.543, 0.5374, 0.5615], [0.5404, 0.5341, 0.562325], [0.5382, 0.5384, 0.5612], [0.5462, 0.5454, 0.566425]], "50.0": [[0.549, 0.5388, 0.566325], [0.539, 0.5383, 0.562175], [0.5336, 0.5349, 0.564075], [0.5415, 0.5452, 0.564425]], "100.0": [[0.5336, 0.5337, 0.560675], [0.5415, 0.5401, 0.562925], [0.5383, 0.5328, 0.561975], [0.537, 0.5348, 0.55995]], "200.0": [[0.5352, 0.54, 0.556575], [0.5277, 0.5277, 0.553125], [0.5441, 0.5295, 0.563325], [0.5465, 0.5389, 0.560075]]}}}, "epoch": 200, "num_classes_workers": 4, "hidden_dim": 128, "batch_size": 512, "clf_epochs": 100, "Job_id": "1626307", "method": ["gccr"], "crop_size": [0.8], "std": [0.001, 0.01, 0.1, 0.5, 1.0, 1.5, 2.0, 3.0, 4.0, 5.0, 10.0, 50.0, 100.0, 200.0], "num_of_trials": 4, "dataset": "TwoViewCifar10", "model": "Proto18", "adaptive_center": true}