{"results": {"rc": {"0.2": {"0.001": [[0.6319, 0.6466, 0.6648], [0.6358, 0.643, 0.6607], [0.6212, 0.6307, 0.658325], [0.6377, 0.6441, 0.6646]]}, "0.4": {"0.001": [[0.6069, 0.6088, 0.6281], [0.6096, 0.6151, 0.631225], [0.6102, 0.6112, 0.63105], [0.618, 0.6208, 0.63725]]}, "0.6": {"0.001": [[0.5731, 0.5855, 0.6038], [0.5771, 0.5775, 0.5982], [0.5787, 0.5801, 0.6013], [0.5752, 0.5822, 0.6021]]}, "0.8": {"0.001": [[0.5509, 0.5436, 0.563325], [0.5395, 0.5312, 0.56185], [0.5351, 0.5365, 0.557275], [0.5406, 0.5378, 0.56235]]}}}, "epoch": 200, "num_classes_workers": 4, "hidden_dim": 128, "batch_size": 512, "clf_epochs": 100, "Job_id": "1626310", "method": ["rc"], "crop_size": [0.2, 0.4, 0.6, 0.8], "std": [0.001], "num_of_trials": 4, "dataset": "TwoViewCifar10", "model": "Proto18", "adaptive_center": true}