{"results": {"gcc": {"0.2": {"1.5": [[0.6736, 0.6856, 0.701925], [0.6743, 0.6807, 0.70245], [0.6792, 0.6939, 0.709475], [0.6839, 0.6864, 0.7079]]}, "0.4": {"1.5": [[0.6883, 0.6975, 0.71655], [0.688, 0.6944, 0.71225], [0.6841, 0.694, 0.710675], [0.6794, 0.6931, 0.712425]]}, "0.6": {"1.5": [[0.6838, 0.6863, 0.70615], [0.6809, 0.6869, 0.70505], [0.6761, 0.6777, 0.70225], [0.6764, 0.6858, 0.70445]]}, "0.8": {"1.5": [[0.6764, 0.679, 0.697225], [0.6715, 0.6748, 0.69775], [0.6687, 0.6782, 0.697525], [0.6751, 0.6712, 0.6965]]}}}, "epoch": 500, "num_classes_workers": 4, "hidden_dim": 128, "batch_size": 512, "clf_epochs": 100, "Job_id": "1629612", "method": ["gcc"], "crop_size": [0.2, 0.4, 0.6, 0.8], "std": [1.5], "num_of_trials": 4, "dataset": "TwoViewCifar10", "model": "Proto18", "adaptive_center": true}