{"results": {"gcc": {"0.8": {"0.001": [[0.457, 0.4502, 0.47115], [0.4642, 0.4502, 0.46845], [0.4563, 0.4399, 0.46265], [0.4558, 0.4415, 0.461375]], "0.01": [[0.5084, 0.4955, 0.52185], [0.5017, 0.492, 0.516275], [0.5072, 0.5027, 0.524525], [0.5146, 0.4986, 0.5251]], "0.1": [[0.5813, 0.5671, 0.598775], [0.5811, 0.5729, 0.599975], [0.5797, 0.5706, 0.59705], [0.5798, 0.5792, 0.603475]], "0.5": [[0.6216, 0.6206, 0.650075], [0.6238, 0.6208, 0.651325], [0.6282, 0.6247, 0.650875], [0.6279, 0.6271, 0.64935]], "1.0": [[0.643, 0.6355, 0.662], [0.6426, 0.6381, 0.664625], [0.6428, 0.64, 0.66575], [0.6454, 0.6393, 0.663575]], "1.5": [[0.6543, 0.6391, 0.6718], [0.6497, 0.6451, 0.668025], [0.6499, 0.6485, 0.67165], [0.6505, 0.643, 0.66895]], "2.0": [[0.6462, 0.6421, 0.66045], [0.6505, 0.6409, 0.664225], [0.6483, 0.6344, 0.658925], [0.6477, 0.6436, 0.663375]], "3.0": [[0.6404, 0.6281, 0.6473], [0.6412, 0.6301, 0.652275], [0.6358, 0.6312, 0.6509], [0.6384, 0.6365, 0.656275]], "4.0": [[0.6151, 0.6178, 0.6341], [0.6171, 0.6131, 0.632925], [0.6174, 0.6155, 0.632225], [0.6219, 0.6164, 0.633825]], "5.0": [[0.6045, 0.5984, 0.614675], [0.6136, 0.6107, 0.631], [0.6208, 0.6147, 0.6341], [0.6033, 0.597, 0.617925]], "10.0": [[0.5439, 0.5346, 0.5538], [0.554, 0.5392, 0.558875], [0.545, 0.5382, 0.55905], [0.5397, 0.541, 0.562475]], "50.0": [[0.3843, 0.3721, 0.380775], [0.3727, 0.364, 0.36885], [0.3873, 0.3752, 0.37945], [0.3713, 0.3604, 0.374325]], "100.0": [[0.3353, 0.3172, 0.327675], [0.3422, 0.321, 0.327225], [0.3401, 0.3268, 0.33175], [0.2988, 0.2923, 0.29765]], "200.0": [[0.3105, 0.3052, 0.3115], [0.3166, 0.3188, 0.3185], [0.3255, 0.309, 0.314875], [0.3219, 0.2994, 0.3023]]}}}, "epoch": 200, "num_classes_workers": 4, "hidden_dim": 128, "batch_size": 512, "clf_epochs": 100, "Job_id": "1629682", "method": ["gcc"], "crop_size": [0.8], "std": [0.001, 0.01, 0.1, 0.5, 1.0, 1.5, 2.0, 3.0, 4.0, 5.0, 10.0, 50.0, 100.0, 200.0], "num_of_trials": 4, "dataset": "TwoViewCifar10", "model": "Proto18", "adaptive_center": true}