{"results": {"gcc": {"0.8": {"0.001": [[0.4673, 0.4519, 0.462075], [0.463, 0.4467, 0.46535], [0.4692, 0.4571, 0.47275], [0.4632, 0.4535, 0.47505]], "0.01": [[0.5255, 0.5148, 0.535275], [0.5197, 0.5114, 0.53195], [0.5218, 0.5056, 0.53345], [0.5164, 0.509, 0.524275]], "0.1": [[0.5793, 0.5835, 0.6016], [0.5837, 0.5753, 0.59785], [0.5815, 0.5768, 0.5964], [0.5889, 0.5764, 0.6025]], "0.5": [[0.6269, 0.626, 0.646975], [0.623, 0.6205, 0.64395], [0.6326, 0.6224, 0.6474], [0.6252, 0.6252, 0.650975]], "1.0": [[0.6497, 0.6406, 0.6658], [0.6518, 0.6457, 0.671675], [0.642, 0.6459, 0.666725], [0.6484, 0.6448, 0.6676]], "1.5": [[0.6472, 0.6403, 0.665825], [0.6534, 0.6488, 0.67015], [0.6526, 0.6376, 0.665425], [0.6495, 0.646, 0.6638]], "2.0": [[0.658, 0.6463, 0.669525], [0.6475, 0.649, 0.666], [0.6494, 0.6383, 0.66745], [0.6537, 0.6434, 0.67085]], "3.0": [[0.6344, 0.6319, 0.650725], [0.6405, 0.6344, 0.653875], [0.6409, 0.6302, 0.6518], [0.6397, 0.6348, 0.6563]], "4.0": [[0.6254, 0.6217, 0.6399], [0.6301, 0.6294, 0.64695], [0.6313, 0.6264, 0.64655], [0.6236, 0.6121, 0.638825]], "5.0": [[0.6092, 0.6031, 0.6233], [0.6152, 0.6073, 0.630275], [0.6074, 0.6075, 0.622575], [0.6088, 0.6088, 0.62525]], "10.0": [[0.5465, 0.5397, 0.5553], [0.5299, 0.5257, 0.539625], [0.5435, 0.5388, 0.558775], [0.5611, 0.5548, 0.570325]], "50.0": [[0.3634, 0.3592, 0.37045], [0.3892, 0.3759, 0.39125], [0.3786, 0.3824, 0.385975], [0.3823, 0.3782, 0.3781]], "100.0": [[0.3384, 0.3224, 0.330375], [0.3369, 0.3226, 0.331], [0.359, 0.3302, 0.34115], [0.3391, 0.3198, 0.323475]], "200.0": [[0.3232, 0.3058, 0.3107], [0.3205, 0.31, 0.314625], [0.322, 0.315, 0.30985], [0.3268, 0.3146, 0.31775]]}}}, "epoch": 200, "num_classes_workers": 4, "hidden_dim": 128, "batch_size": 512, "clf_epochs": 100, "Job_id": "1629690", "method": ["gcc"], "crop_size": [0.8], "std": [0.001, 0.01, 0.1, 0.5, 1.0, 1.5, 2.0, 3.0, 4.0, 5.0, 10.0, 50.0, 100.0, 200.0], "num_of_trials": 4, "dataset": "TwoViewCifar10", "model": "Proto18", "adaptive_center": true}