{"results": {"gcc": {"0.8": {"0.001": [[0.4675, 0.4696, 0.477575], [0.4576, 0.4513, 0.4611], [0.4643, 0.4532, 0.4702], [0.4466, 0.4318, 0.45325]], "0.01": [[0.5237, 0.5131, 0.530975], [0.5186, 0.515, 0.531025], [0.524, 0.5214, 0.534], [0.5212, 0.5094, 0.5305]], "0.1": [[0.5907, 0.5881, 0.606325], [0.5886, 0.5863, 0.609175], [0.5821, 0.5834, 0.601175], [0.5883, 0.5811, 0.6063]], "0.5": [[0.6268, 0.6384, 0.649375], [0.6235, 0.629, 0.642025], [0.6322, 0.6312, 0.646775], [0.6246, 0.626, 0.64085]], "1.0": [[0.6478, 0.6514, 0.664875], [0.6496, 0.6536, 0.6666], [0.6497, 0.6521, 0.6659], [0.6497, 0.6519, 0.6676]], "1.5": [[0.6479, 0.6569, 0.664175], [0.6531, 0.6524, 0.6645], [0.6566, 0.6558, 0.67045], [0.6481, 0.6505, 0.66635]], "2.0": [[0.6446, 0.6466, 0.658075], [0.6491, 0.6527, 0.666825], [0.6563, 0.6557, 0.6693], [0.653, 0.6502, 0.665975]], "3.0": [[0.6371, 0.6397, 0.647925], [0.6396, 0.6367, 0.64865], [0.6378, 0.637, 0.64805], [0.6427, 0.6448, 0.650175]], "4.0": [[0.626, 0.6205, 0.6391], [0.6308, 0.6269, 0.637], [0.6233, 0.6286, 0.63535], [0.6289, 0.6321, 0.637125]], "5.0": [[0.6065, 0.6019, 0.617925], [0.6133, 0.6172, 0.6296], [0.6033, 0.6048, 0.612525], [0.6106, 0.6074, 0.61895]], "10.0": [[0.5331, 0.5392, 0.5477], [0.5545, 0.5578, 0.5611], [0.5305, 0.533, 0.549125], [0.5379, 0.5358, 0.5444]], "50.0": [[0.375, 0.3684, 0.375575], [0.3831, 0.3747, 0.376425], [0.3782, 0.3744, 0.380475], [0.3697, 0.3676, 0.37485]], "100.0": [[0.3367, 0.3297, 0.32675], [0.3378, 0.3376, 0.331675], [0.3365, 0.3408, 0.332725], [0.3474, 0.3429, 0.336775]], "200.0": [[0.3045, 0.3112, 0.307025], [0.3146, 0.3106, 0.30695], [0.3144, 0.3082, 0.297025], [0.3373, 0.3261, 0.32745]]}}}, "epoch": 200, "num_classes_workers": 4, "hidden_dim": 128, "batch_size": 512, "clf_epochs": 100, "Job_id": "1629701", "method": ["gcc"], "crop_size": [0.8], "std": [0.001, 0.01, 0.1, 0.5, 1.0, 1.5, 2.0, 3.0, 4.0, 5.0, 10.0, 50.0, 100.0, 200.0], "num_of_trials": 4, "dataset": "TwoViewCifar10", "model": "Proto18", "adaptive_center": true}