{"results": {"gcc": {"0.2": {"1.5": [[0.6854, 0.6922, 0.712975], [0.686, 0.6849, 0.709925], [0.6889, 0.6897, 0.71435], [0.6858, 0.6878, 0.709175]]}, "0.4": {"1.5": [[0.6877, 0.7028, 0.7211], [0.6904, 0.7009, 0.721725], [0.7047, 0.7056, 0.7272], [0.7042, 0.7054, 0.72735]]}, "0.6": {"1.5": [[0.6806, 0.6893, 0.70865], [0.6758, 0.6828, 0.706125], [0.6802, 0.6927, 0.708925], [0.6848, 0.6876, 0.71115]]}, "0.8": {"1.5": [[0.6849, 0.6962, 0.71285], [0.6917, 0.6912, 0.711675], [0.6899, 0.6869, 0.7128], [0.6937, 0.6904, 0.7145]]}}}, "epoch": 500, "num_classes_workers": 4, "hidden_dim": 128, "batch_size": 512, "clf_epochs": 100, "Job_id": "1630312", "method": ["gcc"], "crop_size": [0.2, 0.4, 0.6, 0.8], "std": [1.5], "num_of_trials": 4, "dataset": "TwoViewCifar10", "model": "Proto18", "adaptive_center": true}