{"results": {"rc": {"0.2": {"1.5": [[0.5671, 0.5838, 0.596525], [0.5698, 0.5978, 0.60405], [0.5636, 0.5887, 0.5994], [0.5761, 0.5865, 0.60315]]}, "0.4": {"1.5": [[0.5367, 0.5551, 0.5668], [0.5455, 0.5654, 0.5767], [0.5533, 0.563, 0.581375], [0.5566, 0.5596, 0.575525]]}, "0.6": {"1.5": [[0.5474, 0.5706, 0.583675], [0.5497, 0.5716, 0.5858], [0.5524, 0.5708, 0.585725], [0.542, 0.5721, 0.585725]]}, "0.8": {"1.5": [[0.5449, 0.5564, 0.573825], [0.5453, 0.5604, 0.574275], [0.5532, 0.5583, 0.571025], [0.5409, 0.5612, 0.573175]]}}}, "epoch": 200, "num_classes_workers": 8, "hidden_dim": 128, "batch_size": 512, "clf_epochs": 100, "Job_id": "1638120", "method": ["rc"], "crop_size": [0.2, 0.4, 0.6, 0.8], "std": [1.5], "num_of_trials": 4, "dataset": "TinyImageNetDataset", "model": "Proto18", "adaptive_center": false, "min_max": [0.4, 0.6]}