{"results": {"gccr": {"0.2": {"1.5": [[0.634, 0.6541, 0.670475], [0.6372, 0.6545, 0.67215], [0.6346, 0.6532, 0.671275]]}, "0.4": {"1.5": [[0.5964, 0.6158, 0.62995], [0.5992, 0.6111, 0.63095], [0.5986, 0.6117, 0.629575]]}, "0.6": {"1.5": [[0.5749, 0.5852, 0.60535], [0.5717, 0.5757, 0.600625], [0.5745, 0.5843, 0.600525]]}, "0.8": {"1.5": [[0.5495, 0.5404, 0.571775], [0.5511, 0.5424, 0.569625], [0.5514, 0.5441, 0.5764]]}}}, "epoch": 500, "num_classes_workers": 3, "hidden_dim": 128, "batch_size": 512, "clf_epochs": 100, "Job_id": "1639471", "method": ["gccr"], "crop_size": [0.2, 0.4, 0.6, 0.8], "std": [1.5], "num_of_trials": 3, "dataset": "TwoViewCifar10", "model": "Proto18", "adaptive_center": false, "min_max": [0.4, 0.6]}