{"results": {"gcc": {"0.4": {"1.5": [[0.5858, 0.5853, 0.611325], [0.5858, 0.5853, 0.611325], [0.5858, 0.5853, 0.611325]]}, "0.6": {"1.5": [[0.5792, 0.5714, 0.59265], [0.5891, 0.5775, 0.5961], [0.5796, 0.5698, 0.59005]]}, "0.8": {"1.5": [[0.5687, 0.5605, 0.576475], [0.5754, 0.5672, 0.582175], [0.5705, 0.5591, 0.57725]]}}}, "epoch": 200, "num_classes_workers": 3, "hidden_dim": 128, "batch_size": 512, "clf_epochs": 100, "Job_id": "1647682", "method": ["gcc"], "crop_size": [0.4, 0.6, 0.8], "std": [1.5], "num_of_trials": 3, "dataset": "TinyImageNetDataset", "model": "Proto18", "adaptive_center": true, "min_max": [0.25, 0.75]}