{"results": {"gcc": {"0.4": {"1.5": [[0.5441, 0.5492, 0.561875], [0.5441, 0.5492, 0.561875], [0.5441, 0.5492, 0.561875]]}, "0.6": {"1.5": [[0.5345, 0.5189, 0.514375], [0.5111, 0.4904, 0.49665], [0.5216, 0.5046, 0.509325]]}, "0.8": {"1.5": [[0.5083, 0.4854, 0.50235], [0.5148, 0.494, 0.5041], [0.512, 0.498, 0.506625]]}}}, "epoch": 200, "num_classes_workers": 3, "hidden_dim": 128, "batch_size": 512, "clf_epochs": 100, "Job_id": "1647690", "method": ["gcc"], "crop_size": [0.4, 0.6, 0.8], "std": [1.5], "num_of_trials": 3, "dataset": "TinyImageNetDataset", "model": "Proto18", "adaptive_center": false, "min_max": [0.25, 0.75]}