{"results": {"Random_crop_pytorch": {"20": {"0.001": [[0.5944, 0.6044, 0.64665], [0.5943, 0.6063, 0.643875], [0.5921, 0.5996, 0.643375], [0.5953, 0.6036, 0.6441], [0.5891, 0.6036, 0.641575]]}, "24": {"0.001": [[0.5523, 0.574, 0.61915], [0.5535, 0.5659, 0.618475], [0.5536, 0.5703, 0.61775], [0.5535, 0.5656, 0.6174], [0.5507, 0.5676, 0.617775]]}, "28": {"0.001": [[0.5037, 0.4965, 0.547625], [0.5014, 0.504, 0.550625], [0.5004, 0.4953, 0.54705], [0.5, 0.4955, 0.550975], [0.493, 0.4972, 0.542475]]}}}, "epoch": 150, "num_classes_workers": 4, "hidden_dim": 256, "batch_size": 512}